Nom de la commune,Vergheas,Vassel,Varennes-sur-Usson,Varennes-sur-Morge,Tortebesse,Thuret,Vinzelles,Seychalles,Saint-Jean-d'Heurs,Ravel,Peschadoires,Orléat,Moissat,Lezoux,Lempty,Saint-Hilaire,Saint-Gervais-d'Auvergne,Saint-Éloy-les-Mines,Sainte-Christine,Roche-d'Agoux,Pionsat,Neuf-Église,Moureuille,Montaigut,Menat,Le Quartier,Lapeyrouse,La Crouzille,La Cellette,Gouttières,Espinasse,Durmignat,Château-sur-Cher,Charensat,Buxières-sous-Montaigut,Bussières,Biollet,Ayat-sur-Sioule,Ars-les-Favets,Voingt,Villossanges,Verneugheol,Tralaigues,Savennes,Sauvagnat,Saint-Sulpice,Saint-Pierre-le-Chastel,Saint-Jacques-d'Ambur,Saint-Hilaire-les-Monges,Saint-Germain-près-Herment,Saint-Étienne-des-Champs,Saint-Avit,Puy-Saint-Gulmier,Prondines,Pontgibaud,Pontaumur,Montfermy,Montel-de-Gelat,Miremont,Messeix,Lastic,Landogne,La Goutelle,La Celle,Herment,Giat,Fernoël,Condat-en-Combraille,Combrailles,Cisternes-la-Forêt,Chapdes-Beaufort,Bromont-Lamothe,Briffons,Bourg-Lastic,Villeneuve-les-Cerfs,Vensat,Sardon,Saint-Sylvestre-Pragoulin,Saint-Priest-Bramefant,Saint-Genès-du-Retz,Saint-Denis-Combarnazat,Saint-Clément-de-Régnat,Saint-André-le-Coq,Saint-Agoulin,Randan,Montpensier,Mons,Maringues,Luzillat,Limons,Effiat,Chaptuzat,Bussières-et-Pruns,Beaumont-lès-Randan,Bas-et-Lezat,Aubiat,Artonne,Aigueperse,Viverols,Vertolaye,Valcivières,Tours-sur-Meymont,Thiolières,Sauvessanges,Saint-Sauveur-la-Sagne,Saint-Romain,Saint-Pierre-la-Bourlhonne,Saint-Martin-des-Olmes,Saint-Just,Saint-Gervais-sous-Meymont,Saint-Germain-l'Herm,Saint-Ferréol-des-Côtes,Saint-Éloy-la-Glacière,Sainte-Catherine,Saint-Clément-de-Valorgue,Saint-Bonnet-le-Chastel,Saint-Bonnet-le-Bourg,Saint-Anthème,Saint-Amant-Roche-Savine,Saint-Alyre-d'Arlanc,Saillant,Olliergues,Novacelles,Medeyrolles,Mayres,Marsac-en-Livradois,Marat,Le Monestier,Le Brugeron,La Forie,La Chaulme,La Chapelle-Agnon,Job,Grandval,Grandrif,Fournols,Fayet-Ronaye,Églisolles,Échandelys,Dore-l'Église,Doranges,Domaize,Cunlhat,Condat-lès-Montboissier,Chaumont-le-Bourg,Champétières,Chambon-sur-Dolore,Ceilloux,Brousse,Beurières,Bertignat,Baffie,Auzelles,Arlanc,Ambert,Aix-la-Fayette,Vollore-Ville,Vollore-Montagne,Viscomtat,Thiers,Sermentizon,Sauviat,Saint-Victor-Montvianeix,Saint-Rémy-sur-Durolle,Saint-Flour-l'Étang,Sainte-Agathe,Ris,Puy-Guillaume,Paslières,Palladuc,Olmet,Noalhat,Néronde-sur-Dore,La Renaudie,La Monnerie-le-Montel,Lachaux,Escoutoux,Dorat,Courpière,Châteldon,Charnat,Chabreloche,Celles-sur-Durolle,Augerolles,Aubusson-d'Auvergne,Arconsat,Yronde-et-Buron,Vic-le-Comte,Veyre-Monton,Tallende,Sallèdes,Saint-Saturnin,Saint-Sandoux,Saint-Maurice,Saint-Georges-sur-Allier,Saint-Amant-Tallende,Pignols,Orcet,Olloix,Mirefleurs,Manglieu,Les Martres-de-Veyre,Le Crest,La Sauvetat,La Roche-Noire,La Roche-Blanche,Laps,Cournols,Corent,Chanonat,Busséol,Aydat,Authezat,Vernines,Trémouille-Saint-Loup,Tauves,Singles,Saulzet-le-Froid,Saint-Sauves-d'Auvergne,Saint-Pierre-Roche,Saint-Julien-Puy-Lavèze,Saint-Donat,Saint-Bonnet-près-Orcival,Rochefort-Montagne,Perpezat,Orcival,Olby,Nébouzat,Mazaye,Reignat,Pérignat-sur-Allier,Neuville,Mur-sur-Allier,Montmorin,Mauzun,Isserteaux,Glaine-Montaigut,Fayet-le-Château,Estandeuil,Espirat,Égliseneuve-près-Billom,Chauriat,Chas,Bouzel,Bongheat,Billom,Beauregard-l'Évêque,Volvic,Surat,Sayat,Saint-Ours,Saint-Laure,Saint-Ignat,Saint-Bonnet-près-Riom,Saint-Beauzire,Riom,Pulvérières,Pessat-Villeneuve,Mozac,Ménétrol,Martres-sur-Morge,Marsat,Malintrat,Malauzat,Lussat,Les Martres-d'Artière,Le Cheix,Enval,Entraigues,Ennezat,Clerlande,Chavaroux,Châtel-Guyon,Charbonnières-les-Varennes,Chappes,Chanat-la-Mouteyre,Chambaron sur Morge,Vodable,Villeneuve,Vichel,Verrières,Valz-sous-Châteauneuf,Usson,Tourzel-Ronzières,Ternant-les-Eaux,Sugères,Solignat,Sauxillanges,Sauvagnat-Sainte-Marthe,Saurier,Saint-Yvoine,Saint-Vincent,Saint-Rémy-de-Chargnat,Saint-Quentin-sur-Sauxillanges,Saint-Martin-d'Ollières,Saint-Martin-des-Plains,Saint-Jean-Saint-Gervais,Saint-Jean-en-Val,Saint-Hérent,Saint-Gervazy,Saint-Germain-Lembron,Saint-Genès-la-Tourette,Saint-Floret,Saint-Étienne-sur-Usson,Saint-Cirgues-sur-Couze,Saint-Babel,Saint-Alyre-ès-Montagne,Roche-Charles-la-Mayrand,Rentières,Plauzat,Peslières,Perrier,Parentignat,Parent,Pardines,Orbeil,Nonette-Orsonnette,Neschers,Moriat,Montpeyroux,Montaigut-le-Blanc,Meilhaud,Mazoires,Mareugheol,Madriat,Ludesse,Le Vernet-Chaméane,Les Pradeaux,Le Broc,Le Breuil-sur-Couze,Lamontgie,La Chapelle-sur-Usson,La Chapelle-Marcousse,Jumeaux,Issoire,Grandeyrolles,Gignat,Esteil,Égliseneuve-des-Liards,Dauzat-sur-Vodable,Courgoul,Coudes,Collanges,Clémensat,Chidrac,Chassagne,Charbonnier-les-Mines,Champeix,Champagnat-le-Jeune,Chalus,Chadeleuf,Brenat,Brassac-les-Mines,Boudes,Bergonne,Beaulieu,Bansat,Auzat-la-Combelle,Aulhat-Flat,Augnat,Ardes,Apchat,Anzat-le-Luguet,Antoingt,Saint-Genès-Champanelle,Royat,Romagnat,Pont-du-Château,Pérignat-lès-Sarliève,Orcines,Nohanent,Lempdes,Le Cendre,Gerzat,Durtol,Cournon-d'Auvergne,Clermont-Ferrand,Joze,Culhat,Crevant-Laveine,Bulhon,Bort-l'Étang,Valbeleix,Saint-Victor-la-Rivière,Saint-Pierre-Colamine,Saint-Nectaire,Saint-Genès-Champespe,Saint-Diéry,Picherande,Murol,Murat-le-Quaire,Mont-Dore,Le Vernet-Sainte-Marguerite,La Godivelle,La Bourboule,Espinchal,Égliseneuve-d'Entraigues,Compains,Chastreix,Chambon-sur-Lac,Besse-et-Saint-Anastaise,Yssac-la-Tourette,Vitrac,Teilhède,Saint-Rémy-de-Blot,Saint-Quintin-sur-Sioule,Saint-Pardoux,Saint-Myon,Saint-Hilaire-la-Croix,Saint-Georges-de-Mons,Saint-Gal-sur-Sioule,Saint-Angel,Queuille,Prompsat,Pouzol,Montcel,Marcillat,Manzat,Loubeyrat,Lisseuil,Les Ancizes-Comps,Jozerand,Gimeaux,Davayat,Combronde,Châteauneuf-les-Bains,Charbonnières-les-Vieilles,Champs,Blot-l'Église,Beauregard-Vendon,Youx,Virlet,Teilhet,Servant,Sauret-Besserve,Saint-Priest-des-Champs,Saint-Maurice-près-Pionsat,Saint-Maigner,Saint-Julien-la-Geneste,Châteaugay,Chamalières,Ceyrat,Cébazat,Blanzat,Beaumont,Aulnat,Aubière,La Tour-d'Auvergne,Larodde,Laqueuille,Labessette,Heume-l'Église,Gelles,Cros,Ceyssat,Bagnols,Avèze,Aurières,Vertaizon,Trézioux,Saint-Julien-de-Coppel,Saint-Jean-des-Ollières,Saint-Dier-d'Auvergne,Saint-Bonnet-lès-Allier
SIREN,216304477,216304451,216304444,216304436,216304337,216304329,216304618,216304204,216303644,216302968,216302760,216302653,216302299,216301952,216301945,216303602,216303545,216303388,216303297,216303040,216302810,216302513,216302430,216302331,216302232,216302935,216301879,216301309,216300673,216301713,216301523,216301408,216301010,216300947,216300624,216300608,216300418,216300251,216300111,216304675,216304600,216304501,216304360,216304162,216304105,216303990,216303859,216303636,216303594,216303511,216303396,216303206,216302927,216302893,216302851,216302836,216302380,216302372,216302281,216302257,216301911,216301861,216301705,216300640,216301754,216301655,216301598,216301184,216301150,216301101,216300855,216300558,216300533,216300483,216304592,216304469,216304063,216304006,216303875,216303479,216303339,216303321,216303172,216303115,216302950,216302406,216302323,216302109,216302018,216301960,216301432,216300905,216300616,216300335,216300301,216300137,216300129,216300012,216304659,216304543,216304410,216304345,216304311,216304121,216303982,216303941,216303842,216303743,216303719,216303552,216303537,216303412,216303370,216303289,216303313,216303248,216303230,216303198,216303149,216303123,216303099,216302588,216302562,216302216,216302182,216302117,216302075,216302307,216300574,216301614,216301044,216300863,216301796,216301747,216301739,216301622,216301580,216301473,216301424,216301390,216301374,216301366,216301325,216301192,216301051,216300814,216300764,216300657,216300566,216300392,216300376,216300277,216300236,216300103,216300038,216300020,216304691,216304683,216304634,216304303,216304188,216304147,216304022,216303933,216303438,216303107,216303016,216302919,216302711,216302679,216302604,216302539,216302497,216302984,216302315,216301846,216301515,216301382,216301259,216301028,216300954,216300723,216300665,216300160,216300152,216300087,216304725,216304576,216304550,216304253,216304055,216303966,216303958,216303784,216303503,216303156,216302802,216302620,216302596,216302273,216302059,216302141,216301267,216304139,216303065,216303024,216301887,216301234,216301200,216300848,216300590,216300269,216300210,216304519,216304378,216304261,216304212,216304071,216303974,216303867,216303701,216303362,216303263,216303057,216302745,216302646,216302570,216302489,216302190,216302976,216302737,216302521,200083921,216302398,216302166,216301770,216301689,216301572,216301556,216301549,216301465,216301069,216300962,216300491,216300442,216300400,216300343,216304709,216304246,216304170,216303818,216303727,216303628,216303271,216303222,216303008,216302901,216302786,216302455,216302240,216302158,216302125,216302042,216302034,216302000,216302133,216301085,216301507,216301499,216301481,216301127,216301077,216301036,216300921,216300897,216300830,200057818,216304667,216304584,216304568,216304527,216304428,216304394,216304352,216304295,216304238,216304220,216304154,216304113,216304097,216304048,216304030,216303925,216303891,216303768,216303750,216303677,216303669,216303578,216303560,216303529,216303487,216303420,216303404,216303305,216303214,216303131,216303032,216302992,216302828,216302778,216302752,216302703,216302695,216302687,216302612,200053155,216302505,216302422,216302414,216302349,216302224,216302208,216302091,216302026,216301994,200085033,216302877,216300541,216300525,216301853,216300889,216300871,216301820,216301788,216301721,216301663,216301564,216301457,216301341,216301226,216301218,216301143,216301119,216301093,216300970,216300913,216300806,216300798,216300749,216300731,216300517,216300509,216300467,216300368,216300319,216300293,216300228,200056422,216300178,216300095,216300079,216300061,216300053,216303453,216303081,216303073,216302844,216302729,216302638,216302547,216301937,216300699,216301648,216301416,216301242,216301135,216301804,216301317,216301283,216300582,216300459,216304402,216304014,216303834,216303800,216303461,200085686,216302794,216302471,216302463,216302364,216304493,216301697,216300475,216301531,216301440,216301176,216300988,216300772,216300384,216304733,216304642,216304279,216303917,216303909,216303826,216303792,216303586,216303495,216303446,216303180,216302943,216302885,216302869,216302356,216302083,216302067,216301986,216301978,216300046,216301812,216301671,216301358,216301168,216301002,216300939,216300822,216300434,216300350,216304717,216304626,216304287,216304196,216304089,216303883,216303776,216303735,216303693,216300996,216300756,216300707,216300632,216300426,216300327,216300194,216300145,216301929,216301903,216301895,216301838,216301762,216301630,216301291,216300715,216300285,216300244,216300202,216304535,216304386,216303685,216303651,216303347,216303255
Insee,63447,63445,63444,63443,63433,63432,63461,63420,63364,63296,63276,63265,63229,63195,63194,63360,63354,63338,63329,63304,63281,63251,63243,63233,63223,63293,63187,63130,63067,63171,63152,63140,63101,63094,63062,63060,63041,63025,63011,63467,63460,63450,63436,63416,63410,63399,63385,63363,63359,63351,63339,63320,63292,63289,63285,63283,63238,63237,63228,63225,63191,63186,63170,63064,63175,63165,63159,63118,63115,63110,63085,63055,63053,63048,63459,63446,63406,63400,63387,63347,63333,63332,63317,63311,63295,63240,63232,63210,63201,63196,63143,63090,63061,63033,63030,63013,63012,63001,63465,63454,63441,63434,63431,63412,63398,63394,63384,63374,63371,63355,63353,63341,63337,63328,63331,63324,63323,63319,63314,63312,63309,63258,63256,63221,63218,63211,63207,63230,63057,63161,63104,63086,63179,63174,63173,63162,63158,63147,63142,63139,63137,63136,63132,63119,63105,63081,63076,63065,63056,63039,63037,63027,63023,63010,63003,63002,63469,63468,63463,63430,63418,63414,63402,63393,63343,63310,63301,63291,63271,63267,63260,63253,63249,63298,63231,63184,63151,63138,63125,63102,63095,63072,63066,63016,63015,63008,63472,63457,63455,63425,63405,63396,63395,63378,63350,63315,63280,63262,63259,63227,63205,63214,63126,63413,63306,63302,63188,63123,63120,63084,63059,63026,63021,63451,63437,63426,63421,63407,63397,63386,63370,63336,63326,63305,63274,63264,63257,63248,63219,63297,63273,63252,63226,63239,63216,63177,63168,63157,63155,63154,63146,63106,63096,63049,63044,63040,63034,63470,63424,63417,63381,63372,63362,63327,63322,63300,63290,63278,63245,63224,63215,63212,63204,63203,63200,63213,63108,63150,63149,63148,63112,63107,63103,63092,63089,63083,63244,63466,63458,63456,63452,63442,63439,63435,63429,63423,63422,63415,63411,63409,63404,63403,63392,63389,63376,63375,63367,63366,63357,63356,63352,63348,63342,63340,63330,63321,63313,63303,63299,63282,63277,63275,63270,63269,63268,63261,63255,63250,63242,63241,63234,63222,63220,63209,63202,63199,63448,63287,63054,63052,63185,63088,63087,63182,63178,63172,63166,63156,63145,63134,63122,63121,63114,63111,63109,63097,63091,63080,63079,63074,63073,63051,63050,63046,63036,63031,63029,63022,63160,63017,63009,63007,63006,63005,63345,63308,63307,63284,63272,63263,63254,63193,63069,63164,63141,63124,63113,63180,63131,63128,63058,63045,63440,63401,63383,63380,63346,63335,63279,63247,63246,63236,63449,63169,63047,63153,63144,63117,63098,63077,63038,63473,63464,63427,63391,63390,63382,63379,63358,63349,63344,63318,63294,63288,63286,63235,63208,63206,63198,63197,63004,63181,63167,63135,63116,63100,63093,63082,63043,63035,63471,63462,63428,63419,63408,63388,63377,63373,63369,63099,63075,63070,63063,63042,63032,63019,63014,63192,63190,63189,63183,63176,63163,63129,63071,63028,63024,63020,63453,63438,63368,63365,63334,63325
Population totale en vigueur en 2021 (millésimée 2018),67,296,297,423,74,962,357,798,666,762,2171,2217,1245,6297,396,160,1438,3793,131,108,1094,301,377,995,555,223,549,273,170,346,297,215,72,502,239,91,334,147,234,32,373,249,78,97,137,92,448,283,88,80,140,231,159,269,778,753,228,438,306,1088,110,242,640,81,248,844,132,424,222,467,1124,993,276,899,531,514,315,1102,876,491,239,558,531,336,1591,466,553,3188,1149,763,1142,505,464,303,343,915,923,2790,416,542,211,538,159,535,95,215,134,294,160,233,513,562,60,54,237,217,168,726,530,164,301,776,152,120,207,1505,825,224,250,334,118,353,1052,120,200,334,112,260,267,653,171,396,1301,230,236,279,157,179,342,303,468,113,383,1894,6879,93,744,311,531,12142,583,556,257,1780,289,179,757,2818,1533,559,166,245,530,130,1738,282,1376,710,4181,786,211,1227,1738,912,251,604,669,5291,3622,1545,598,1244,976,913,1274,1768,345,2741,323,2465,470,4040,1296,727,630,3541,607,246,775,1730,221,2467,692,440,153,789,168,285,1149,483,367,207,508,1006,445,246,823,863,731,388,1547,388,3494,743,121,422,592,372,486,430,870,1706,391,735,434,4834,1555,4625,579,2433,1672,663,926,2113,2249,19782,415,683,3943,1655,680,1436,1152,1171,934,2156,684,1550,676,2535,585,495,6376,1785,1668,961,1802,199,157,362,73,55,297,238,36,613,513,1289,487,277,616,424,589,114,156,161,124,356,117,346,2037,183,255,270,355,955,124,42,108,1709,66,908,526,891,289,872,604,862,383,344,886,502,100,208,111,503,872,347,712,1125,652,80,65,627,15617,55,245,61,154,76,63,1284,159,122,539,78,914,1404,152,181,443,639,3471,295,333,470,258,2068,945,184,589,169,178,408,3746,4625,7971,12102,2746,3544,2258,8973,5548,10402,2075,20526,149464,1129,1147,978,540,689,128,257,253,756,225,531,339,592,494,1298,301,15,1814,107,356,131,232,421,1569,394,361,486,238,396,412,507,357,1995,144,454,289,455,278,527,294,1393,1380,126,1680,566,405,617,2233,322,1119,410,442,1235,931,275,283,553,170,719,378,193,124,3144,17835,6513,8835,3791,11024,4112,10897,666,278,373,63,109,1024,172,706,445,183,358,3215,484,1309,451,550,429
Population municipale en vigueur en 2021 (millésimée 2018),63,291,293,411,71,918,354,789,658,747,2126,2174,1222,6224,389,157,1307,3651,126,108,1075,294,372,986,544,215,537,262,168,333,293,210,71,497,237,91,325,142,223,31,363,239,78,94,134,86,439,277,87,78,138,226,154,260,761,639,227,432,296,1048,107,234,625,81,240,807,132,417,218,462,1117,977,264,872,527,510,309,1083,859,473,231,548,528,334,1576,457,540,3138,1132,750,1124,497,457,301,337,903,906,2756,407,532,208,514,158,528,92,209,129,287,155,229,486,546,59,52,231,209,165,702,502,160,298,756,150,120,201,1458,814,219,244,324,113,341,1023,118,193,326,106,257,255,645,167,388,1275,227,230,273,155,176,338,293,454,112,373,1854,6634,93,728,302,522,11778,574,544,250,1747,282,177,748,2772,1496,541,161,243,520,126,1703,279,1338,701,4034,772,208,1210,1707,887,249,594,652,5191,3566,1503,586,1167,957,905,1256,1730,339,2702,313,2406,466,3985,1270,715,620,3474,591,239,766,1694,216,2422,684,417,149,772,163,278,1129,478,362,203,500,863,430,245,812,842,720,385,1516,381,3419,720,117,412,579,362,473,424,806,1688,385,728,427,4754,1528,4555,567,2387,1650,658,909,2074,2219,19011,406,678,3877,1631,673,1399,1132,1154,916,2135,670,1520,667,2483,578,487,6195,1759,1642,934,1776,196,156,348,72,52,295,231,34,604,504,1276,478,275,605,413,580,112,149,160,123,353,115,333,1995,182,248,267,349,940,119,41,108,1688,66,889,510,876,285,843,588,845,373,329,869,494,97,203,108,498,808,340,695,1039,644,80,64,612,15214,53,240,61,148,74,62,1270,158,117,527,76,899,1382,150,181,430,626,3349,291,329,465,255,2040,914,183,583,166,176,403,3641,4505,7793,11802,2693,3440,2222,8543,5489,10315,2028,20157,146734,1112,1128,962,531,673,128,251,248,753,218,519,333,582,477,1280,297,15,1778,105,347,128,224,417,1501,388,349,471,234,383,399,501,354,1946,140,445,283,441,273,521,289,1374,1362,124,1652,552,399,612,2198,318,1098,401,439,1216,912,270,281,541,165,702,372,190,121,3091,17210,6390,8727,3736,10793,4073,10745,635,271,369,63,106,968,171,695,428,179,346,3184,479,1283,440,530,423
"Densité démographique en 2021 (population totale/superficie géographique, en hab/km²)",8.5,98.6,47.6,83.4,6.1,55.1,26.3,85.7,59.1,74.5,102.9,82.3,94,179.4,81.7,8.9,27.6,165.1,9.9,19.4,43.6,19.7,22.1,120.5,26.8,9.2,14.9,14.1,15.3,13,12.2,17,6,10.6,21.8,6.6,13.9,10,15.3,4.8,11.1,7,15.3,5.6,5.6,4.7,25.2,13.6,8.1,4.6,5.8,11.6,7.6,8.4,165.8,46.3,15.9,17.3,8,26.7,6.2,13.5,25.8,5.1,25.1,16.8,9.1,9.1,10.6,13.8,35.1,25.7,6.5,21.6,53.3,31.7,36.7,45.5,45.1,57.4,22.6,36.5,29.3,35.8,100.7,63.1,39.1,141.9,48.8,50.4,56.3,60.3,39.3,50.3,26.8,61.1,51.8,262.5,32.6,49.4,6.3,28.4,29.8,15.9,11.9,13,10.8,16.7,8,22.5,13.2,36.3,4.9,9.2,17.3,8.9,8.2,10.2,20.9,6.6,17.1,46.1,10.4,7,16.1,30.1,27,12.7,8.9,115.3,8.3,13.1,24,12,8.7,11.2,5.2,12.5,10.8,23.8,8.6,26.6,43.1,11.1,27.8,14.7,7.9,19.6,15.1,18,18.7,10.5,11.2,57.6,109.7,7.2,23.9,14.2,20.5,264.7,31.2,34.8,5.5,96.1,29.8,9.7,47.5,110.8,53.9,40.5,10.4,47.4,58.2,7,366.2,12.5,48.8,40.6,126.8,27.2,38.4,125.9,43.9,26.9,36.7,26.2,44.1,287,294.5,250.9,31.2,69.2,97.3,167.6,133.3,348.1,36.5,451.1,26.3,265.9,22.1,429.4,185.7,89.6,202,299.5,83.4,22.2,285.8,133.4,38,48.2,118.1,23.5,12.2,22.7,8,9.9,22.6,28.1,12.4,6.1,33.4,49.5,11.9,8.8,46.7,38.9,33.1,93.9,309.4,33,226.9,52.7,118.2,23.3,44.8,28.9,49.3,98.1,48.4,195.4,109.4,172.9,38.1,280.3,127.1,164,64.9,287.9,29.7,95.5,59.1,295,138,594.7,27.5,108.3,957.3,182.4,81.9,342.9,138.7,192.7,99.9,142.7,144.7,312.1,68.6,135.6,69.6,122.4,440.6,54.8,160.8,65.5,126.4,16.8,36.9,60.9,22,10.1,54.3,19.6,9.5,29.3,45.5,51.2,74.6,32.9,68.1,70.7,93.4,13.6,10.3,41.3,8.5,29.2,9,23.4,127.1,9.8,20.4,17.1,226.6,48.7,2.9,2.5,6.9,129.7,9.6,139.6,137.5,233,55,87.4,55.2,86.4,34.5,100,39,110.5,2.3,26.9,23,58.8,17.6,61.4,39.8,174.9,90.8,11.8,3.2,85.8,772.7,10,68.8,13.4,17.7,4.9,7.3,272.5,35.5,36.4,147.6,4.7,267.6,114,16,27.5,75.4,70.9,465.1,36.7,57.2,53.8,24.7,160.1,71.5,19.2,35.1,4.6,2.6,51.5,70.6,680.5,462.8,546.1,690.5,80.5,529,694.6,1297.6,633.6,505.7,1084.9,3438.8,57.5,60.2,48.7,42.6,43.7,5.7,13.3,14.4,22.6,6.7,21.5,7.5,38.7,41,35.7,11.9,1,139.6,11.9,6.1,2.6,5,8.9,20.7,181.3,26.4,39.8,15.4,26.7,25,90.9,21.8,57,14.7,24.9,28.2,104.3,19.6,55.2,24.6,35.2,56.9,18,77.9,51.3,182.2,262.7,122.1,18.8,33.7,26.5,17.4,165.9,47.7,15.5,14.9,20.4,16,15.6,12,10,10.1,340.4,4565,683.4,871,536.8,2691.5,967.5,1399.1,13.1,11.8,16.7,6,7.1,20.4,8.7,23,10.1,8.1,31.2,248.2,27.5,59.6,22.5,26.3,280.1
Variation annuelle de la population entre 2016 et 2021 (en %),-3.7,1.7,1.8,-0.1,4.9,0.9,0.6,2.5,0.2,1.6,0.3,0.9,0.6,1.7,1.1,-2.7,-0,-0,-3,2.2,-0.5,-0.8,3.7,-0.7,-1.1,0.8,-0.8,-1,-0.5,-1.4,-0.1,0.9,-2.8,-0.8,0.3,-2.6,-0.1,-0.7,-0.7,-8.4,2.2,-1,-2.6,0.9,0,-0.9,1.7,0,-2.9,-0.5,-1,-2.1,1.2,-0.5,1.5,-2.2,0.5,-1.8,-1.2,-1.2,0,-0.6,-0.2,-1,-4.5,-1,0,-1.5,-0.4,-0.7,1.4,-0.1,-2.2,-0.4,-0.3,1.9,-0.5,-0,-0.9,-1,1.4,0.7,0,0.2,-0.1,0.7,2,1.7,1.6,1.3,0.3,0.4,1.1,2,3,-0.7,1.4,0.7,-0.5,-0.8,-0.1,-0.6,-1.5,1.1,-2.6,-1.6,0.3,1.4,-1.7,-2.5,0.1,0.3,-0.7,-2.2,0.4,-0.6,3.6,-0.5,-1,-0.6,1.4,0.8,1.5,1.2,2,-0.1,-0.6,1.3,-0.5,0.8,-1.8,-2.1,-0.4,1.2,2,-0.1,0.8,-0.4,1,0.6,1.8,0.1,0.1,0.4,-0.6,2.3,-1.5,1.3,-0.6,-0.9,-0.6,-0.5,1,-0.7,-0.6,6.8,-0.9,-0.1,-1.2,0.8,0.1,0.8,0.9,-0.6,0.9,-2.9,-0.9,1,-0.9,-0.8,1,-0.2,3,1,-1.7,-1.3,-0.1,-0.1,-1.4,-0.2,0.1,-0.8,-0.6,0.6,0.6,-1,-0.9,1,0.7,-0.8,0,1.7,0.6,2,0.7,-0.5,1,0.4,-0.3,0.2,-0.2,0.3,-0.9,0.9,0.4,1.7,0.8,0.1,1.7,0.7,0.1,1.4,0.7,1.1,2.5,-0.4,-0.5,0.9,0.1,2.5,-0.9,-4.2,1.5,-1.4,0.2,1,1.6,0.9,0.1,1.2,0.1,1.3,0.3,0.1,1.6,-0,1.4,1.1,2.7,5.1,-0.3,0.9,0.1,0.3,-0.4,-0.1,2.2,0.6,0.3,1.8,-0.1,0.8,1.9,-0,1.1,0.4,0.4,4.6,0.3,0,1.9,2.7,1.7,0.7,0.1,0.2,1.6,2.1,1.4,0.4,2.3,0.4,0.2,1.6,0.6,-0.2,2,-0.6,-0.9,2.1,-1.3,-1.1,2.1,-1.7,-4.6,-0,1,1.1,-1.2,2.6,1.6,-0.1,1.3,2.1,0.4,2.6,1.2,-0.3,3,1.2,1.2,0.1,-1.7,-0.7,0.4,0.2,-3.9,-2.7,-0.5,1.6,-1.7,0.2,0.8,1.8,3.5,-0.5,1.8,-1.3,0.1,-0.9,1,-1.9,-0.4,2.2,-3,0.5,-1.1,1.2,1.5,-0.2,0.8,3.9,-2.1,-2.5,1.3,-1.8,-0.3,-1.3,0.7,-3.8,-3.5,1.5,2.3,0.5,2.3,-0.3,-0.1,0.9,3.2,0.2,0.7,1,0.4,1.1,-0.7,2.6,0.5,-0.5,0.2,4.6,2.3,-0.5,-0.9,0.9,1.9,-0.8,-0.5,2.3,0.4,0.7,1.3,0.6,2,-0.2,0.3,0.9,0.7,0.6,0.3,0.1,-0.2,1.7,-2.2,0.8,0.7,0.7,-0.7,2.8,-1.3,1.1,-0.1,-1,-1,-2.5,-0.8,2.7,-5.1,-0.2,-1,2.8,0.1,1.5,0.7,2.2,0.2,1.4,-1.9,1.8,2.4,-0.9,1.3,2.1,1.5,0.6,-0.6,3.2,0.4,0.4,2.4,6.2,-0.1,1.8,-0.1,0.8,0.9,1.9,1.3,1,2.8,1.3,-0.7,-0.3,-1.2,0.5,-1.2,-1,0.3,-0.7,-1.1,-0.5,-0.6,1.6,3.2,-0.1,-0.2,0.2,2,-0.6,0.3,1.2,0.6,-0.2,1.3,-0.2,0.6,-2.1,-0.7,1.4,-0.1,0.3,1.2,-1.5,-0.3,-0.5
Taux d’activité des 15 à 64 ans en 2016 (en %),78.6,80.8,82.3,81.7,80,79.7,80.9,81.6,68.1,76.8,76.1,78.3,80,76.6,83.7,77.8,74.6,64,71.3,79.7,68.5,75.5,77.9,70,73,65,77.2,75.4,69.9,71.6,67.1,69.2,63.2,71.9,75.5,73.2,64.6,74.3,73.9,78.3,74.6,74.9,79.6,72.2,78.9,75.4,82.8,70.5,90.4,74.5,76.7,78.4,84.7,75.7,77.3,73,79.5,72.1,75.1,70.9,65.5,71.6,77.1,79.2,71.2,71.3,67.2,81.3,78.5,79.8,77.1,82.2,72.2,73.6,67.2,84.2,76.2,77.2,78.5,72.3,77.8,82.6,80.5,77,74.6,78.5,81.8,69.3,78.8,75.9,81.2,78.2,75.4,80.2,81.1,77.6,77.2,78.1,74.4,74.8,79.2,73.7,72.2,75.3,66.7,71.3,67.8,80.7,64.7,69.9,68.7,69.3,86.2,55.2,73.8,66.1,61.4,77.4,73.4,70.7,75.7,69,81.3,59.6,73.4,79.4,73.8,77.3,81.6,76.1,71.7,72.9,76.2,65.2,63.3,69.6,64.4,74.2,69.4,76.1,64.6,74.9,66.8,79.2,76.6,58.7,71.8,77.6,67.1,71.9,74.8,73.7,71.2,72.7,73.6,68.8,72.8,70.3,77.7,71.2,77.9,76.8,81.5,75.2,74.7,69.5,70,72.9,76.9,78.7,76.2,83.5,78.1,82.5,66.6,75.3,76.8,74,72.6,74.2,82.1,73.1,76,75.5,75.9,73.7,79.7,75.6,74.3,75.8,81.2,79.4,72.4,81.5,78.8,80.3,85,77.3,79,77.2,76.7,77.7,75,81.9,76.9,75.6,82.6,77.6,84,75.5,81.9,78.6,79.8,83.1,73.5,76.8,74.2,82.3,74.9,83.6,82.1,78.3,78.7,76.8,78.5,76.5,77.7,80.8,77.2,79.5,74.1,81.8,76.3,77.4,72.7,80.5,77,80.3,76.5,80.5,76.4,80.4,76.7,78.6,78,74.9,78.2,74.5,79.1,76.9,78.4,88.2,79.5,76.9,76.7,69.6,83.9,71.9,76.3,73.7,83.3,75.7,81,77.9,80.7,80,77.1,71.8,77,78.7,83,79.4,75.4,81.2,79,76.7,72.7,75.5,79.4,80.5,77.6,79.3,82.4,70.8,82.1,74.6,79.6,78.6,78.1,80.8,80.2,85.5,83.6,86.8,76.6,83.7,67.2,79.3,82.1,63.3,70.4,79.3,77.6,73.4,80.7,82.7,85.1,84.4,73.6,80.9,86.7,79.6,78.9,83.5,79,76.7,70.1,74.7,78.2,79.1,80,69.6,75.9,74,82,80.6,66,80.2,72.8,75.1,80.4,78,84.1,69.4,75.7,74.2,79.4,82.9,76.9,84.1,86.1,80.5,71.9,88.8,76.5,76.9,76.4,79.5,67.5,72.1,79.4,76.1,71.4,79.2,75.1,78.3,80.5,75.3,79.9,78.8,77.4,70.4,77,81,78,73.6,74,76.4,75.8,76.9,74.6,73.4,76.7,75.4,73.4,74.3,67.2,76.2,78.5,76.8,78.5,80.9,85.5,81,81.1,75.1,84.2,78.7,82.3,78.3,82.4,81.2,92.9,92.3,74.7,72.5,76.8,75,81.9,83.5,80.1,83.6,77.7,79.3,79.9,79.5,73.7,79.2,79.9,75.5,70.7,81,80.2,80.7,74.8,81.3,82.6,76.8,76.4,76.1,73.6,78.9,75.6,80.2,79.8,71.4,77.1,86.1,77.6,80.3,69.4,73.2,76.6,69.8,70.4,62.3,72.4,70.3,85.2,76.3,76,74.1,72.1,76,73.3,75.5,64.4,80.8,70.4,77.8,81.5,78.3,80.2,74.8,81.9,75.1,72.2,82.2,72.3,77.4,81.2,72.7,76.6,78
Taux de chômage des 15 à 64 ans en 2016 (en %),7.1,3.4,6.3,6,7.5,5.7,7.2,8.5,5.2,10.4,9.1,5.5,5.7,9.4,3.7,8.9,10.7,13.1,6.4,6.3,6.5,3.1,13.5,11.4,12.5,13.3,6.9,4.5,5.8,6.3,9.4,5.1,10.5,10.5,7.5,5.4,6.7,4.3,7,0,8.3,7.8,4.1,9.3,1.3,8.2,3.2,8.3,3.8,6.4,4.7,3.6,12.9,5.9,10.6,7.8,7.5,4.6,7.7,6.5,8.6,8.5,7.2,6.3,4.3,5.3,7.8,3.6,3.1,7.3,5.1,5.4,5.6,5.9,6.5,6.9,6.9,7.3,9.5,5.3,5.6,7.1,9,8.6,10.8,4.7,8,10.1,9.6,8.3,5.7,6.1,5.1,7.7,9.9,6.5,6.5,9.7,7.4,8.7,16,9.8,16.5,6.7,20.4,5.7,15.2,8.1,5.9,7.5,10,4.7,17.2,3.4,9.8,9.7,4.5,7,16.1,10.9,7.1,11.7,10,15.8,7.3,7.1,8,9.8,8.5,7.4,13.2,10.6,6,15.2,6.2,12.7,16.9,4.8,6.7,8.7,11.4,6.9,7.8,8.8,6.9,8.9,20.5,3.1,11.3,10.4,4.6,5.3,9.3,7.4,7.6,20.8,9.4,6.1,9.7,15.6,9.3,8.1,9.5,10.7,9.6,5.7,11,11.2,9.6,7.8,10.7,12.9,10.2,9.5,11.7,16.9,7,10.1,10.6,15.5,4.5,8.8,8.2,10.2,12.3,7.8,6.3,7.1,5.8,3.3,6.7,7.7,4.2,5.1,4.5,5.8,9.7,5.8,2,5.7,8.1,8.2,6,5.4,7.4,4.6,10.7,6,4.3,4.6,5.5,5.9,5.8,6,6,6.8,4.5,3,6.9,7.5,7.3,4.6,4.5,7.2,1.2,5.4,3.6,2.4,4.7,6.3,4.9,9.1,5.1,4.8,9.1,5.6,7,5.3,6.1,8.8,4.4,5.7,3.9,6.7,6.5,10.8,6.5,7.3,5.9,5.8,5.2,3.4,5.3,5.2,4.7,9.1,8.6,5.2,6.1,6.2,5.6,4.9,5.9,4.9,6.2,4.7,6.1,6.4,5.2,6.9,5.5,6.8,7.8,5.3,5.5,5.1,4.8,5.5,13.1,5.6,10.2,13.8,1.8,9.3,14.3,9.5,3.1,7.8,6.2,13.8,6.6,8.2,8.9,8.8,14.3,9.3,10.4,7.8,4.5,4,8.4,8.1,16.1,7.2,7.9,8.2,6.8,9.4,7.5,6.5,0,6.2,7.3,6.4,3.7,4.3,6.9,8.7,4.4,6.5,6,10.4,1.9,8.4,14.8,6.7,6.5,8.8,7.3,9,16.5,14.6,6.8,11.3,11.7,3.2,6.4,11.4,12.1,2.3,16.7,8.8,5.2,13.8,6.2,11.5,7.3,9.7,11.2,4.8,7.5,6.3,14.2,10.1,5.9,12.8,5.9,10.6,8.3,2.5,9.6,7.1,1.1,7,4,9.5,6.6,7.1,5.5,5.2,4.3,7.5,7.6,9.3,6.2,8.7,12.2,6.7,5.7,10,8.8,8.1,5.8,8.2,5.9,6.2,2.6,6.3,4.6,8.1,6.6,5.3,5.9,23.1,11.3,9.8,3.4,1.3,5.5,7.3,3.1,5.9,6.5,6.5,15.1,7.1,5.2,6,5,10,6.1,6.8,9.9,4,11.7,3.9,3.1,6,5.1,4.5,7.3,3.1,6.1,5,7.7,10.8,6.6,4.1,9.3,3.8,9.2,4.4,6.5,7.6,7.8,6.5,10.4,5.1,4.9,5.5,7.5,5.6,9.5,7.2,7.9,10.2,8.6,4.1,5.5,6.7,3.7,4.3,5.9,5.8,5.5,7.4,6.5,3.7,6.4,8.3,8.4,11.2,8,3.1
Revenu fiscal médian des ménages par unité de consommation 2017 (en €),,22540,22490,26920,,23130,20660,22360,22100,22140,22020,24170,22370,21160,22650,16270,19260,18530,20470,,19110,21760,19970,19000,18420,18780,19610,19610,19170,20360,18910,21850,,19320,20440,,18140,20780,21250,,18560,17460,,,18700,,22150,20350,,,18190,18030,17870,17660,19370,20460,21180,19640,21970,19100,17760,18490,21330,,19690,19160,16790,17170,19740,19790,20960,20520,17610,20410,21290,22000,25800,21720,21310,23710,21010,23060,22940,21160,19600,23900,20310,19740,20370,20280,22780,23450,22000,21800,23300,23160,22570,21180,21750,21350,19350,19030,18690,19020,,19690,20040,20480,19480,18600,19690,22500,,,21130,18820,19120,20590,17570,18070,20400,20050,17160,21780,18440,20020,22080,20990,21810,20380,19910,19030,21620,18680,17620,17970,,19780,17950,18840,16730,21090,18590,19220,19780,20260,17880,19670,18680,20400,22240,18910,19300,18400,20860,,19770,18570,19970,18310,20580,20980,18970,19790,20890,17490,18690,20790,21150,21160,18950,22080,21510,18200,17580,17750,21870,21830,19490,19410,21840,18250,19740,19260,21370,19850,23270,23360,27350,27040,21870,25490,23560,25210,24290,24770,23330,25200,22640,24240,21060,23090,27510,24330,27250,26540,24130,23130,25360,28030,26090,24910,23850,21370,16710,18810,20890,22260,20300,21570,20350,16740,22010,20350,19130,19690,22610,23370,22780,22340,25920,21430,25370,21880,21100,20900,22050,23070,21220,22630,23590,23190,21420,22180,21280,21250,25130,23540,23320,26800,22760,23650,22340,25080,24410,22040,21820,25590,25350,23920,23300,29230,23690,25810,23570,24020,23940,25960,23280,23930,24830,23970,24390,23340,24090,25870,23770,22530,18030,23540,,,23770,19840,,20130,22870,20260,21870,19790,24900,22430,21900,19100,17260,21550,19130,22110,17030,21170,20780,20490,21640,21150,21620,22640,15360,,17970,24190,,22750,23980,23720,21430,24210,21580,20990,19630,28890,21610,19730,,20620,21500,23000,19050,21960,22470,21900,19420,,,19620,20690,,21420,,19600,,,21530,21730,21550,21430,,19910,20670,19250,22390,24940,23600,19510,20780,22150,21330,21910,20310,24070,19780,18400,16920,15060,21210,26770,26480,24670,22670,28240,27480,26530,22060,22840,21140,26810,22690,19460,22860,22540,21190,22170,21500,16590,23830,20790,19840,19690,21660,18570,21520,20990,20870,21590,,19280,,20030,18420,19450,22150,21400,24530,21000,24270,18160,22430,20460,24030,22740,20470,19750,21660,20060,24470,20130,24160,23560,21610,23890,18170,20850,23510,23920,24860,22020,20470,21330,23890,20870,24350,19670,19260,17740,20240,19800,19030,16900,19000,20250,25230,26550,27160,22800,23980,24920,19610,23430,20730,18690,19470,,19520,19260,18100,23120,17210,19940,21020,21830,21160,22910,22890,18870,22790
Classement de la commune en zone de revitalisation rurale (ZRR),Oui,Non,Oui,Non,Oui,Non,Non,Non,Non,Non,Non,Non,Non,Non,Non,Oui,Oui,Oui,Oui,Oui,Oui,Oui,Oui,Oui,Oui,Oui,Oui,Oui,Oui,Oui,Oui,Oui,Oui,Oui,Oui,Oui,Oui,Oui,Oui,Oui,Oui,Oui,Oui,Oui,Oui,Oui,Oui,Oui,Oui,Oui,Oui,Oui,Oui,Oui,Oui,Oui,Oui,Oui,Oui,Oui,Oui,Oui,Oui,Oui,Oui,Oui,Oui,Oui,Oui,Oui,Oui,Oui,Oui,Oui,Non,Non,Non,Non,Non,Non,Non,Non,Non,Non,Non,Non,Non,Non,Non,Non,Non,Non,Non,Non,Non,Non,Non,Non,Oui,Oui,Oui,Oui,Oui,Oui,Oui,Oui,Oui,Oui,Oui,Oui,Oui,Oui,Oui,Oui,Oui,Oui,Oui,Oui,Oui,Oui,Oui,Oui,Oui,Oui,Oui,Oui,Oui,Oui,Oui,Oui,Oui,Oui,Oui,Oui,Oui,Oui,Oui,Oui,Oui,Oui,Oui,Oui,Oui,Oui,Oui,Oui,Oui,Oui,Oui,Oui,Oui,Oui,Oui,Oui,Oui,Oui,Oui,Oui,Oui,Oui,Oui,Oui,Oui,Oui,Oui,Oui,Oui,Oui,Oui,Oui,Oui,Oui,Oui,Oui,Oui,Oui,Oui,Oui,Oui,Oui,Oui,Oui,Oui,Oui,Oui,Oui,Non,Non,Non,Non,Non,Non,Non,Non,Non,Non,Non,Non,Non,Non,Non,Non,Non,Non,Non,Non,Non,Non,Non,Non,Non,Non,Non,Oui,Oui,Oui,Oui,Non,Oui,Oui,Oui,Oui,Oui,Oui,Oui,Oui,Oui,Oui,Oui,Non,Non,Non,Non,Non,Non,Non,Non,Oui,Oui,Non,Non,Non,Non,Non,Non,Non,Non,Non,Non,Non,Oui,Non,Non,Non,Non,Non,Oui,Non,Non,Non,Non,Non,Non,Non,Non,Non,Non,Non,Non,Non,Non,Non,Non,Non,Non,Non,Non,Oui,Oui,Oui,Oui,Oui,Oui,Oui,Oui,Oui,Oui,Oui,Oui,Oui,Oui,Oui,Oui,Oui,Oui,Oui,Oui,Oui,Oui,Oui,Oui,Oui,Oui,Oui,Oui,Oui,Oui,Oui,Oui,Oui,Oui,Oui,Oui,Oui,Oui,Oui,Oui,Oui,Oui,Oui,Oui,Oui,Oui,Oui,Oui,Oui,Oui,Oui,Oui,Oui,Oui,Oui,Oui,Oui,Oui,Oui,Oui,Oui,Oui,Oui,Oui,Oui,Oui,Oui,Oui,Oui,Oui,Oui,Oui,Oui,Oui,Oui,Oui,Oui,Oui,Oui,Oui,Oui,Oui,Oui,Oui,Oui,Oui,Oui,Non,Non,Non,Non,Non,Non,Non,Non,Non,Non,Non,Non,Non,Non,Non,Non,Non,Non,Oui,Oui,Oui,Oui,Oui,Oui,Oui,Oui,Oui,Oui,Oui,Oui,Oui,Oui,Oui,Oui,Oui,Oui,Oui,Non,Oui,Non,Oui,Oui,Oui,Non,Non,Non,Oui,Oui,Oui,Non,Oui,Non,Oui,Oui,Oui,Oui,Non,Non,Non,Non,Non,Oui,Oui,Non,Oui,Non,Oui,Oui,Oui,Oui,Oui,Oui,Oui,Oui,Oui,Non,Non,Non,Non,Non,Non,Non,Non,Oui,Oui,Oui,Oui,Oui,Oui,Oui,Oui,Oui,Oui,Oui,Non,Oui,Non,Oui,Oui,Non
Commune possédant au moins un Quartier prioritaire de la politique de la ville (QPV),Non,Non,Non,Non,Non,Non,Non,Non,Non,Non,Non,Non,Non,Non,Non,Non,Non,Non,Non,Non,Non,Non,Non,Non,Non,Non,Non,Non,Non,Non,Non,Non,Non,Non,Non,Non,Non,Non,Non,Non,Non,Non,Non,Non,Non,Non,Non,Non,Non,Non,Non,Non,Non,Non,Non,Non,Non,Non,Non,Non,Non,Non,Non,Non,Non,Non,Non,Non,Non,Non,Non,Non,Non,Non,Non,Non,Non,Non,Non,Non,Non,Non,Non,Non,Non,Non,Non,Non,Non,Non,Non,Non,Non,Non,Non,Non,Non,Non,Non,Non,Non,Non,Non,Non,Non,Non,Non,Non,Non,Non,Non,Non,Non,Non,Non,Non,Non,Non,Non,Non,Non,Non,Non,Non,Non,Non,Non,Non,Non,Non,Non,Non,Non,Non,Non,Non,Non,Non,Non,Non,Non,Non,Non,Non,Non,Non,Non,Non,Non,Non,Non,Non,Non,Non,Non,Non,Non,Non,Non,Oui,Non,Non,Non,Non,Non,Non,Non,Non,Non,Non,Non,Non,Non,Non,Non,Non,Non,Non,Non,Non,Non,Non,Non,Non,Non,Non,Non,Non,Non,Non,Non,Non,Non,Non,Non,Non,Non,Non,Non,Non,Non,Non,Non,Non,Non,Non,Non,Non,Non,Non,Non,Non,Non,Non,Non,Non,Non,Non,Non,Non,Non,Non,Non,Non,Non,Non,Non,Non,Non,Non,Non,Non,Non,Non,Non,Non,Non,Non,Non,Non,Non,Non,Non,Non,Non,Non,Non,Non,Non,Non,Non,Non,Non,Non,Non,Non,Non,Non,Non,Non,Non,Non,Non,Non,Non,Non,Non,Non,Non,Non,Non,Non,Non,Non,Non,Non,Non,Non,Non,Non,Non,Non,Non,Non,Non,Non,Non,Non,Non,Non,Non,Non,Non,Non,Non,Non,Non,Non,Non,Non,Non,Non,Non,Non,Non,Non,Non,Non,Non,Non,Non,Non,Non,Non,Non,Non,Non,Non,Non,Non,Non,Non,Non,Non,Non,Non,Non,Non,Non,Non,Non,Non,Non,Non,Non,Non,Non,Non,Non,Non,Non,Non,Non,Non,Non,Non,Non,Non,Non,Non,Non,Non,Non,Non,Non,Non,Non,Non,Non,Non,Non,Non,Non,Non,Non,Non,Non,Non,Non,Non,Non,Non,Non,Non,Non,Oui,Oui,Non,Non,Non,Non,Non,Non,Non,Non,Non,Non,Non,Non,Non,Non,Non,Non,Non,Non,Non,Non,Non,Non,Non,Non,Non,Non,Non,Non,Non,Non,Non,Non,Non,Non,Non,Non,Non,Non,Non,Non,Non,Non,Non,Non,Non,Non,Non,Non,Non,Non,Non,Non,Non,Non,Non,Non,Non,Non,Non,Non,Non,Non,Non,Non,Non,Non,Non,Non,Non,Non,Non,Non,Non,Non,Non,Non,Non,Non,Non,Non,Non,Non,Non,Non,Non,Non,Non
Commune classée en zone de montagne,Oui,Non,Non,Non,Oui,Non,Non,Non,Non,Non,Non,Non,Non,Non,Non,Oui,Oui,Oui,Oui,Oui,Oui,Oui,Oui,Oui,Oui,Oui,Oui,Oui,Oui,Oui,Oui,Oui,Oui,Oui,Oui,Oui,Oui,Oui,Oui,Oui,Oui,Oui,Oui,Oui,Oui,Oui,Oui,Oui,Oui,Oui,Oui,Oui,Oui,Oui,Oui,Oui,Oui,Oui,Oui,Oui,Oui,Oui,Oui,Oui,Oui,Oui,Oui,Oui,Oui,Oui,Oui,Oui,Oui,Oui,Non,Non,Non,Non,Non,Non,Non,Non,Non,Non,Non,Non,Non,Non,Non,Non,Non,Non,Non,Non,Non,Non,Non,Non,Oui,Oui,Oui,Oui,Oui,Oui,Oui,Oui,Oui,Oui,Oui,Oui,Oui,Oui,Oui,Oui,Oui,Oui,Oui,Oui,Oui,Oui,Oui,Oui,Oui,Oui,Oui,Oui,Oui,Oui,Oui,Oui,Oui,Oui,Oui,Oui,Oui,Oui,Oui,Oui,Oui,Oui,Oui,Oui,Oui,Oui,Oui,Oui,Oui,Oui,Oui,Oui,Oui,Oui,Oui,Oui,Oui,Oui,Oui,Oui,Oui,Oui,Non,Oui,Oui,Oui,Oui,Oui,Oui,Oui,Oui,Oui,Oui,Non,Non,Oui,Oui,Oui,Oui,Non,Non,Oui,Non,Oui,Oui,Oui,Oui,Oui,Non,Non,Non,Non,Oui,Oui,Oui,Non,Non,Non,Oui,Non,Oui,Non,Oui,Non,Non,Non,Non,Non,Non,Oui,Non,Oui,Non,Oui,Non,Oui,Oui,Oui,Oui,Oui,Oui,Oui,Oui,Oui,Oui,Oui,Oui,Oui,Oui,Oui,Oui,Non,Non,Non,Non,Oui,Oui,Oui,Non,Oui,Oui,Non,Non,Non,Non,Non,Non,Non,Non,Oui,Non,Oui,Oui,Non,Non,Non,Non,Non,Oui,Non,Non,Non,Non,Non,Non,Non,Non,Non,Non,Oui,Non,Non,Non,Non,Oui,Oui,Non,Oui,Non,Oui,Non,Non,Oui,Oui,Non,Oui,Oui,Oui,Non,Oui,Non,Oui,Non,Oui,Non,Oui,Oui,Non,Oui,Oui,Oui,Oui,Non,Oui,Oui,Oui,Non,Non,Oui,Oui,Oui,Non,Oui,Non,Non,Non,Non,Non,Non,Non,Non,Non,Oui,Non,Oui,Non,Oui,Oui,Oui,Non,Non,Non,Non,Oui,Oui,Non,Non,Oui,Non,Oui,Oui,Oui,Oui,Non,Non,Oui,Non,Oui,Non,Non,Oui,Non,Non,Non,Non,Non,Non,Non,Oui,Non,Non,Oui,Oui,Oui,Oui,Non,Oui,Oui,Oui,Non,Non,Oui,Non,Non,Non,Non,Oui,Non,Non,Non,Non,Non,Non,Non,Oui,Oui,Oui,Oui,Oui,Oui,Oui,Oui,Oui,Oui,Oui,Oui,Oui,Oui,Oui,Oui,Oui,Oui,Oui,Non,Oui,Oui,Oui,Oui,Oui,Non,Oui,Oui,Oui,Oui,Oui,Non,Oui,Oui,Oui,Oui,Oui,Oui,Oui,Non,Non,Non,Oui,Oui,Oui,Oui,Oui,Non,Oui,Oui,Oui,Oui,Oui,Oui,Oui,Oui,Oui,Non,Non,Non,Non,Non,Non,Non,Non,Oui,Oui,Oui,Oui,Oui,Oui,Oui,Oui,Oui,Oui,Oui,Non,Oui,Non,Oui,Oui,Non
Commune classée comme touristique,Non,Non,Non,Non,Non,Non,Non,Non,Non,Non,Non,Non,Non,Non,Non,Non,Non,Non,Non,Non,Non,Non,Non,Non,Non,Non,Non,Non,Non,Non,Non,Non,Non,Non,Non,Non,Non,Non,Non,Non,Non,Non,Non,Non,Non,Non,Non,Non,Non,Non,Non,Non,Non,Non,Non,Non,Non,Non,Non,Non,Non,Non,Non,Non,Non,Non,Non,Non,Non,Non,Non,Non,Non,Non,Non,Non,Non,Non,Non,Non,Non,Non,Non,Non,Non,Non,Non,Non,Non,Non,Non,Non,Non,Non,Non,Non,Non,Non,Oui,Non,Oui,Non,Oui,Non,Non,Non,Non,Non,Non,Non,Non,Oui,Non,Non,Non,Non,Non,Oui,Non,Non,Non,Non,Non,Non,Non,Non,Non,Non,Non,Oui,Non,Non,Oui,Non,Non,Non,Non,Non,Non,Non,Non,Non,Non,Non,Non,Non,Non,Non,Non,Non,Non,Non,Non,Non,Oui,Non,Non,Non,Non,Non,Non,Non,Non,Non,Non,Non,Non,Non,Non,Non,Non,Non,Non,Non,Non,Non,Non,Non,Non,Non,Non,Non,Non,Non,Non,Non,Non,Non,Non,Non,Non,Oui,Non,Non,Non,Non,Non,Non,Non,Non,Non,Non,Non,Non,Non,Non,Non,Non,Non,Non,Non,Oui,Non,Non,Non,Oui,Non,Oui,Oui,Non,Non,Non,Non,Non,Non,Oui,Non,Non,Non,Non,Non,Non,Non,Non,Non,Non,Non,Non,Non,Non,Non,Non,Non,Non,Non,Non,Non,Non,Non,Non,Non,Non,Non,Non,Non,Non,Non,Non,Non,Non,Non,Non,Non,Non,Non,Non,Non,Non,Non,Non,Non,Non,Non,Non,Non,Non,Non,Non,Non,Non,Non,Non,Non,Non,Non,Non,Non,Non,Non,Non,Non,Non,Non,Non,Non,Non,Non,Non,Non,Non,Non,Non,Non,Non,Non,Non,Non,Non,Non,Non,Non,Non,Non,Non,Non,Non,Non,Non,Non,Non,Non,Non,Non,Non,Non,Non,Oui,Non,Non,Non,Non,Non,Non,Non,Non,Non,Non,Non,Non,Non,Non,Non,Non,Non,Non,Non,Non,Non,Non,Non,Non,Non,Non,Non,Non,Non,Non,Non,Non,Non,Non,Non,Non,Non,Non,Non,Non,Non,Non,Non,Non,Non,Non,Non,Non,Non,Non,Non,Non,Non,Non,Non,Non,Oui,Non,Non,Non,Non,Oui,Non,Non,Oui,Non,Non,Non,Non,Oui,Non,Oui,Oui,Non,Non,Non,Non,Non,Non,Non,Non,Non,Non,Non,Non,Non,Non,Non,Non,Non,Non,Non,Non,Non,Non,Non,Non,Non,Non,Non,Non,Non,Non,Non,Non,Non,Non,Non,Non,Non,Non,Non,Non,Non,Non,Non,Non,Non,Non,Non,Oui,Non,Non,Non,Non,Non,Non,Non,Non,Non,Non,Non,Non,Non,Non,Non,Non
Dotation globale de fonctionnement totale (en €),28036,34544,32686,34592,42218,190214,63885,173617,139536,110761,141472,294890,216639,1403114,61798,61564,606972,447117,67292,53600,458029,91244,109279,257776,256643,118638,178510,101377,60442,111107,101814,66256,63040,237645,74861,60305,139061,75312,55973,27718,106225,116348,28639,37418,67130,48050,168432,50734,55915,66839,62606,9959,71703,100197,139265,168021,40709,105560,155927,499194,38972,67046,134157,50143,40763,250157,47561,185779,55031,154464,325912,90061,82248,275348,116015,49132,46361,187021,143263,86661,47997,121549,109922,46352,360426,56479,140571,790738,314206,141054,247936,94100,74588,59099,57506,158211,152081,577936,119722,4509,105776,169554,47243,234740,47225,83726,55823,74631,83688,70629,230169,79828,28629,28198,68766,152686,86061,407437,238227,80019,124586,133882,78700,43493,70395,248613,208719,108934,83154,6953,38572,145486,278863,45012,38624,117565,48595,104417,83490,175937,81680,87601,509347,147491,51258,84841,87270,56294,137804,98618,170728,40146,162107,602949,1327192,48442,200462,82413,111766,1635465,137813,130296,105553,349735,41479,65584,188546,49600,496789,24927,75587,39013,80078,68060,157996,73955,223270,70096,618737,183527,49167,208000,263044,347926,53565,91117,98707,572011,680738,182329,139011,237375,215250,90624,190166,357421,56011,407688,70774,602996,175417,845979,154167,112686,26024,318236,111854,64857,101328,356058,33820,846878,109599,55342,50769,276215,67380,77157,389139,63125,41044,106426,90184,281251,174882,81510,204886,121023,102220,78721,266394,76674,821075,185932,19069,89069,122086,74693,111647,85443,213275,354064,78421,60795,94823,1188425,261048,0,61652,122418,242048,73494,45062,180344,218932,1289777,97408,22987,248635,82497,78194,42567,72313,63629,104252,151236,39648,70966,85931,276023,53808,37624,1642649,367808,29236,112124,200792,44729,23140,42171,11734,13549,44340,59797,7515,116798,60579,268615,67854,64907,60909,47528,43629,20873,40671,23149,41128,63266,46593,52191,480792,91985,50228,56704,45976,121493,81205,28056,36372,246742,15632,49625,34731,42963,4454,123732,79521,131428,42470,31008,115959,63312,43498,28381,16809,82030,464855,41480,13917,103745,110544,16051,44015,139681,613322,13954,37444,16094,41671,25717,13828,97008,18583,20194,75384,36090,114669,333873,36303,22250,32152,85203,856253,42357,42980,41871,52486,583397,163275,27706,143956,77639,76827,55506,333150,505114,907213,1166276,137039,225597,127666,915960,686588,1437137,144785,1834197,25394277,103380,200617,264488,87702,157860,30859,69917,46646,322561,96396,80579,232420,320293,159738,1433088,82244,10692,1837156,27806,107178,35130,87828,231880,1066034,38116,112687,42187,72916,88604,99288,51725,60902,391425,96527,125605,49531,46546,76570,69345,60353,464930,313419,31747,61674,61590,43069,67404,361749,74576,235380,30926,116880,121483,286064,117883,115948,215692,35292,360909,260864,66067,53864,269220,415681,464017,95413,368317,722057,187932,495684,259709,93878,22143,10607,56056,318314,103262,100880,284744,71751,55379,816769,140030,253690,124802,207013,72657
Dont dotation forfaitaire (en €),20143,23748,21565,25221,29946,83666,45284,102061,68514,85736,64910,177210,106266,518941,41839,39490,257858,273996,41649,17577,183555,56453,77464,144059,155185,80703,122350,68058,36751,78412,68647,37916,31966,177885,53783,42882,101608,55257,39675,18079,79211,60958,18404,30267,48310,36988,75300,35698,37985,42721,44127,561,51274,49189,60240,75002,16944,75094,98357,340863,28645,49166,97523,37103,15397,134605,34918,131651,42597,94529,162869,36268,50762,160545,59489,25389,31086,86699,98911,42787,32783,59660,78044,30050,115025,35935,67356,255873,93757,70190,146646,37855,36295,40081,39281,66191,99332,213434,61779,0,86060,129080,35110,143452,36603,67217,42142,53737,67870,50706,142631,50677,20045,23190,53525,124585,60576,239041,90881,57776,70785,51108,59179,35070,53906,160480,89549,70567,60278,0,30369,82005,203145,31390,26182,66103,33198,71924,58135,95823,61761,58550,298016,113834,33572,64359,67867,43970,83197,74390,93553,30149,100847,345581,560122,34107,116078,56849,84572,846870,111304,77018,79224,183365,25394,51408,82401,0,186665,5729,58035,28230,45646,52018,15890,43013,163196,45922,200041,97694,27094,108703,96218,184378,26364,54719,67108,155992,319514,122692,97449,136918,112937,64207,130768,186409,38885,299334,37529,261610,100067,291515,100241,77168,6835,218200,57351,49075,63927,160761,23029,389122,80988,32020,38977,175875,56278,59088,217492,38262,10587,80101,59279,97280,93487,61975,84177,79785,59893,38224,140262,52053,358377,78891,11640,60513,59410,46033,51804,42009,118608,195491,43038,36943,44471,405495,147189,0,46113,83352,118846,51654,21857,134141,120667,814020,58504,11362,180589,62872,59225,24150,52244,44023,83913,113334,30095,44834,69230,138734,34340,30124,1303801,195902,2997,92970,165086,33905,17388,31681,6065,10286,31455,43810,6356,75909,41463,119421,49199,36892,42649,29542,25440,15416,32219,17401,32639,41649,38793,38462,223341,69335,38100,36575,33874,82426,60457,19741,20556,118171,11770,37097,24978,29297,0,89736,58282,77983,32992,24610,74901,29843,21503,21040,12422,35380,188357,31365,0,79313,66532,12878,29427,74819,162135,10528,29436,12183,33319,20110,9159,71024,13632,15133,43675,29086,86807,122452,26319,17233,21201,62197,381468,30970,34532,31972,37825,274798,91266,13463,76442,63479,51298,41634,248345,452675,778045,1014542,103628,90980,98832,812863,575129,961105,119280,1602375,16668913,21585,96543,135159,58658,77059,22602,36086,36562,306696,75450,58529,153735,302648,143458,1408280,69032,6358,1772972,21748,82256,20302,59225,207179,647227,30958,83037,27268,49670,57810,60364,35930,33019,258391,72213,95449,27182,33193,40200,45268,40460,282891,140441,25659,0,39733,32892,53725,204261,51414,140874,15018,65377,95174,178002,81450,82534,156624,22805,107805,101605,44277,33001,223927,415681,339028,16627,323691,685139,149669,305917,157200,63757,2503,5982,39500,160128,83598,63148,178762,58713,42072,311744,62878,122344,84618,107967,37786
- dotation de solidarité urbaine et de cohésion sociale (DSU) (en €),0,0,0,0,0,0,0,0,0,0,0,0,0,0,0,0,0,0,0,0,0,0,0,0,0,0,0,0,0,0,0,0,0,0,0,0,0,0,0,0,0,0,0,0,0,0,0,0,0,0,0,0,0,0,0,0,0,0,0,0,0,0,0,0,0,0,0,0,0,0,0,0,0,0,0,0,0,0,0,0,0,0,0,0,0,0,0,0,0,0,0,0,0,0,0,0,0,0,0,0,0,0,0,0,0,0,0,0,0,0,0,0,0,0,0,0,0,0,0,0,0,0,0,0,0,0,0,0,0,0,0,0,0,0,0,0,0,0,0,0,0,0,0,0,0,0,0,0,0,0,0,0,0,0,0,0,0,0,0,489991,0,0,0,0,0,0,0,0,0,0,0,0,0,0,0,0,0,0,0,0,0,0,0,0,0,0,0,0,0,0,0,0,0,0,0,0,0,0,0,0,0,0,0,0,0,0,0,0,0,0,0,0,0,0,0,0,0,0,0,0,0,0,0,0,0,0,0,0,0,0,0,0,0,0,0,0,0,0,0,0,0,0,0,0,0,0,0,0,0,0,0,0,0,0,0,328346,0,0,0,0,0,0,0,0,0,0,0,0,0,0,0,0,0,0,0,0,0,0,0,0,0,0,0,0,0,0,0,0,0,0,0,0,0,0,0,0,0,0,0,0,0,0,0,0,0,0,0,0,0,0,0,0,0,0,0,0,0,0,0,0,0,0,0,0,0,0,0,0,0,0,0,0,0,0,170769,0,0,0,0,0,0,0,0,0,0,0,0,0,0,0,0,0,0,0,0,0,0,0,0,0,0,0,0,0,0,0,0,94051,0,0,0,0,0,441481,0,213697,8411191,0,0,0,0,0,0,0,0,0,0,0,0,0,0,0,0,0,0,0,0,0,0,0,0,0,0,0,0,0,0,0,0,0,0,0,0,0,0,0,0,0,0,0,0,0,0,0,0,0,0,0,0,0,0,0,0,0,0,0,0,0,0,0,0,0,0,0,0,0,189767,0,0,0,0,0,0,0,0,0,0,0,0,0,0,0,0,0
- dotation de solidarité rurale (DSR) (en €),6848,5837,9441,9371,12272,71137,12181,52308,49961,15212,38801,54706,67593,671104,11620,19470,319325,173121,25643,32456,244156,27568,29038,102533,94386,34610,55651,33319,20129,26972,30098,25317,29462,55497,19316,17423,37453,17979,14432,9639,27014,52925,10235,6769,18820,11062,84063,15036,17930,24118,18075,9398,20079,50127,75241,86694,23765,28833,57570,142756,8446,17880,32401,13040,25366,112943,12320,54128,10686,53701,142258,53793,29818,108491,39773,15673,6827,79258,23158,27964,9837,44336,19139,8628,191305,10620,54142,404773,172415,45341,68807,46207,30232,11525,9972,64087,26117,279999,57943,4509,17747,31012,11425,86737,10153,16509,11235,17880,15818,17825,87538,25192,8584,4700,14273,28101,25485,142187,132394,22243,53801,82774,19521,7682,16127,62472,108952,38367,22876,6953,8203,63481,65853,13015,12442,51462,15397,32493,25355,79751,19919,24732,185658,33657,17686,19934,19403,11950,54607,24228,71160,9997,61260,233634,634386,14335,70208,24095,25382,298604,17124,44645,25856,166370,14383,14176,90232,49600,278452,19198,15068,6849,24748,15545,142106,24811,42440,17225,364598,85833,18268,78533,166826,153988,24485,26454,14265,332169,259124,23776,25643,61544,68370,15379,22858,134096,9710,40989,24167,262927,63284,421178,20011,22817,10187,50955,34898,10515,14773,144267,5548,369590,17963,19889,10060,100340,11102,14176,149683,18928,30457,26325,21332,159192,77009,19535,99883,30119,30870,25608,70613,12756,344874,77110,3175,19714,38797,19230,44454,25974,60329,89732,22081,11705,33235,560859,73557,0,15228,39066,123202,17727,23205,39115,98265,0,38904,11625,52625,19625,16996,18417,20069,19606,20339,37902,9553,26132,16701,137289,19114,7500,338848,156471,26239,19154,29875,10824,4409,10490,4398,3263,10293,12342,1159,29551,11651,130851,10214,23060,13005,11365,10115,5002,7471,4358,8489,17283,7800,11158,232291,22650,7809,14651,6126,22641,20748,8315,15816,93712,3362,12528,7435,11925,4454,19274,14783,43190,9478,6398,24999,27433,21995,6135,4387,36691,236942,7949,13917,15954,32601,3173,14588,57098,280418,3042,6763,3911,8352,5607,4669,18719,3928,3388,24240,7004,12688,188011,9984,4219,7652,12577,402283,8174,6192,8704,11825,265777,55539,14243,67514,14160,25529,9340,80131,52439,112506,0,33411,134617,28834,103097,76773,0,25505,0,0,81795,81442,96374,15569,62330,8257,33831,10084,15865,20946,21132,78685,17645,16280,24808,13212,4334,64184,6058,24922,14828,28603,24701,390241,5974,29650,14919,23246,28240,38924,12835,27883,133034,24314,30156,22349,10900,32856,18797,18103,178647,148683,5190,61674,18216,7457,9422,143821,23162,77210,15908,51503,20683,90322,30943,29037,45879,12487,234289,148133,18863,18317,45293,0,85250,78786,44626,0,38263,0,102509,30121,19640,4625,16556,138840,19664,26832,105982,13038,13307,390793,61082,80880,21616,81833,18457
- dotation de péréquation totale (DNP) (en €),1045,4959,1680,0,0,35411,6420,19248,21061,9813,37761,62974,42780,213069,8339,2604,29789,0,0,3567,30318,7223,2777,11184,7072,3325,509,0,3562,5723,3069,3023,1612,4263,1762,0,0,2076,1866,0,0,2465,0,382,0,0,9069,0,0,0,404,0,350,881,3784,6325,0,1633,0,15575,1881,0,4233,0,0,2609,323,0,1748,6234,20785,0,1668,6312,16753,8070,8448,21064,21194,15910,5377,17553,12739,7674,54096,9924,19073,130092,48034,25523,32483,10038,8061,7493,8253,27933,26632,84503,0,0,1969,9462,708,4551,469,0,2446,3014,0,2098,0,3959,0,308,968,0,0,26209,14952,0,0,0,0,741,362,25661,10218,0,0,0,0,0,9865,607,0,0,0,0,0,363,0,4319,25673,0,0,548,0,374,0,0,6015,0,0,23734,132684,0,14176,1469,1812,0,9385,8633,473,0,1702,0,15913,0,31672,0,2484,3934,9684,497,0,6131,17634,6949,54098,0,3805,20764,0,9560,2716,9944,17334,83850,102100,35861,15919,38913,33943,11038,36540,36916,7416,67365,9078,78459,12066,133286,33915,12701,9002,49081,19605,5267,22628,51030,5243,88166,10648,3433,1732,0,0,3893,21964,5935,0,0,9573,24779,4386,0,20826,11119,11457,14889,55519,11865,117824,29931,4254,8842,23879,9430,15389,17460,34338,68841,13302,12147,17117,222071,40302,0,311,0,0,4113,0,7088,0,147411,0,0,15421,0,1973,0,0,0,0,0,0,0,0,0,354,0,0,15435,0,0,5831,0,1343,0,1271,0,2592,3645,0,11338,7465,18343,8441,4955,5255,6621,8074,455,981,1390,0,4334,0,2571,25160,0,4319,5478,5976,16426,0,0,0,34859,500,0,2318,1741,0,14722,6456,10255,0,0,16059,6036,0,1206,0,9959,39556,2166,0,8478,11411,0,0,7764,0,384,1245,0,0,0,0,7265,1023,1673,7469,0,15174,23410,0,798,3299,10429,72502,3213,2256,1195,2836,42822,16470,0,0,0,0,4532,4674,0,16662,57683,0,0,0,0,34686,34551,0,18125,314173,0,22632,32955,13475,18471,0,0,0,0,0,918,0,0,0,0,0,0,0,0,0,0,0,0,28566,1184,0,0,0,2554,0,2960,0,0,0,0,0,2453,3514,5280,1790,3392,24295,898,0,3641,2720,4257,13667,0,17296,0,0,5626,17740,5490,4377,13189,0,18815,11126,2927,2546,0,0,39739,0,0,36918,0,0,0,0,0,0,0,19346,0,10900,0,0,0,114232,16070,50466,18568,17213,16414
DGF par habitant (en €),308.1,114.8,106.8,79.9,474.4,195.1,174.5,215.9,206.7,143.1,64.2,129.3,171.4,220.5,155.7,270,376.1,114.9,448.6,425.4,377.6,239.5,251.2,242.7,389.4,394.1,291.2,323.9,303.7,259.6,265.8,238.3,534.2,390.9,282.5,502.5,355.7,418.4,208.1,433.1,252.9,362.5,333,247.8,394.9,410.7,329.6,146.2,564.8,668.4,370.4,36.5,377.4,312.1,168.2,207.9,166.2,212.4,329,377.6,248.2,248.3,197,468.6,140.1,262.2,299.1,369.3,224.6,298.8,273.9,84.7,245.5,275.9,214.8,91.8,145.3,163.1,159.4,173.3,197.5,215.5,203.2,134.4,218.6,119.2,243.2,243.4,258.8,179.5,213.7,180.3,155.7,191.3,164.8,170.3,160.8,204.9,214.6,7.4,222.2,261.3,261,326.9,281.1,229.4,200.1,196.9,307.7,216.7,333.1,125.9,265.1,282,191.5,366.2,297.8,309.1,348.8,269.4,267.4,152.5,369.5,220.8,242.7,148.6,191.7,369.3,176.9,19.4,160.7,295.7,218.2,267.9,102.5,214.9,184.1,247.4,223.2,225.8,300.3,185.6,329.2,478.9,192,226.8,368.2,234.6,293.2,233.7,267.6,197.8,292.6,283.1,184.2,334.1,232,193,183.2,131.2,218.1,218.6,297.3,181.5,127.6,307.9,235.7,17.2,312.2,40.5,284.2,154.2,146.4,338.6,88.5,221.4,157.1,95.5,143.4,207.6,227.6,161.9,147.3,325.8,191.3,136.6,141.4,106.8,186.5,116.4,217.5,182,215.9,96.6,148.6,197.7,160,148.4,191.8,242.4,350.8,207.6,119,151.5,40.7,89.4,182.5,241.1,129.1,202.5,141.5,299.5,155.9,116.8,238.4,300.6,252.4,233.1,285.7,116.5,97,327.5,162.5,263.8,347,295.3,231.5,127.9,127.5,199.3,171.6,186.1,233.3,240.5,144.5,182.5,199.2,170.5,210.7,196,232.1,206.3,195.1,81.7,207,241,166.3,0,105.6,49.9,135.4,110,47.7,83.9,97,64.4,222.9,33.2,62.5,49.7,113.3,29.4,62.6,54.1,110.7,70,57.6,44.9,126.2,108.5,90.9,75.9,235.3,201.4,17.5,114.2,110.6,200.6,117.5,114.3,141.4,159.4,135.6,239.2,156.6,167.8,112.6,198.1,132.5,197.3,95.9,105.6,72.7,149.1,178.4,133.8,258.7,163.1,347.7,136.3,230.9,355.2,164.7,151.6,126.3,123,408.1,438.4,271.4,143.5,177.6,53.5,64.8,44.7,15.1,137.8,120.5,149,106.4,85,119.9,123.4,319.8,120.8,130.3,154.8,377.9,116.2,18.9,90.7,161.6,145.9,543.4,211,38.4,232.6,144.6,220.5,221.7,276.5,162.7,74.1,108.7,153,139.1,347,123.8,224.1,169.6,109.1,71,127.9,241.6,126.4,127.5,87.8,196.6,270.8,169.5,134.5,218.1,336.1,251.9,129.4,87.2,103.3,112.8,96.1,49.7,62.3,56.3,101.4,123,136,69.1,88.8,166.1,90.4,172.2,264.5,160.3,218.6,180.5,188.5,152.4,313.8,294.8,127.3,339.3,362.7,181.5,397,224.7,222.8,550,158,186.1,167.3,206.2,285.6,244.6,94.8,285.3,84.2,265.1,202.8,223.6,99.1,152.3,192.7,477.9,256.9,156.2,98.6,239.3,127.5,171.5,314.4,217.2,222,35.5,102.8,104,108.9,159.4,170.3,193.3,71.1,237.6,97.4,283.5,342.7,349.2,320.5,161.9,414.4,520.7,292.3,330.5,85.3,22.3,70.2,10.7,96.7,65.1,45.6,45,282.3,236.5,53.9,83.5,452.1,288.1,361.1,132.4,447.7,313.3,146.5,253.2,256.9,190,211.5,322.5,168.6
Population « DGF »,91,301,306,433,89,975,366,804,675,774,2204,2280,1264,6362,397,228,1614,3892,150,126,1213,381,435,1062,659,301,613,313,199,428,383,278,118,608,265,120,391,180,269,64,420,321,86,151,170,117,511,347,99,100,169,273,190,321,828,808,245,497,474,1322,157,270,681,107,291,954,159,503,245,517,1190,1063,335,998,540,535,319,1147,899,500,243,564,541,345,1649,474,578,3249,1214,786,1160,522,479,309,349,929,946,2820,558,610,476,649,181,718,168,365,279,379,272,326,691,634,108,100,359,417,289,1318,683,297,466,878,213,197,290,1673,1089,295,470,359,240,492,1278,168,377,547,264,422,374,779,272,472,1547,308,267,374,237,240,470,422,638,203,554,2130,7206,145,864,427,610,12466,632,596,355,1927,325,213,800,2887,1591,615,266,253,547,201,1785,334,1421,734,4315,884,216,1285,1786,1068,280,667,698,5357,3651,1567,639,1304,997,938,1280,1808,350,2747,369,2488,500,4076,1296,744,639,3558,613,269,785,1758,239,2828,703,474,213,919,267,331,1362,542,423,325,555,1066,504,276,885,946,802,395,1552,412,3520,773,132,488,613,438,530,436,919,1716,402,744,458,4932,1570,4709,584,2451,1788,668,945,2149,2258,20030,437,692,3979,1659,690,1447,1156,1176,942,2162,688,1581,681,2544,592,496,6982,1826,1671,982,1816,223,197,369,83,85,327,250,48,696,538,1356,512,329,635,450,600,140,228,173,159,388,134,383,2082,259,305,374,364,988,199,64,134,1720,88,928,536,961,294,898,660,882,399,365,967,513,136,235,129,530,1230,357,738,1144,684,110,81,662,15987,60,259,73,188,93,85,1310,171,132,542,104,926,1490,214,204,453,666,3544,335,337,477,267,2154,963,206,660,231,305,429,3820,4891,8040,12141,2760,3622,2267,9031,5584,10564,2095,20652,152891,1143,1165,1000,547,722,171,371,306,1028,327,633,685,883,880,3610,366,48,3340,176,576,210,426,812,4359,402,395,501,275,437,444,522,400,2031,202,489,317,472,320,544,352,1479,1443,143,1738,599,414,619,2270,438,1218,435,492,1247,1009,344,332,673,218,871,501,226,163,3155,18633,6606,8881,3809,11095,4123,11009,920,397,411,127,124,1105,286,762,636,229,378,3226,545,1335,590,642,431
Dotation élu local (en €),6054,4541,4541,4541,6054,3027,4541,3027,3027,3027,0,0,0,0,4541,6054,0,0,6054,6054,0,4541,4541,0,3027,4541,3027,4541,6054,4541,4541,4541,6054,3027,4541,6054,4541,6054,4541,0,4541,4541,6054,6054,6054,6054,4541,4541,6054,0,6054,0,6054,4541,3027,3027,0,4541,4541,0,6054,4541,3027,6054,4541,3027,6054,4541,4541,4541,0,0,4541,3027,3027,3027,4541,0,3027,4541,4541,3027,3027,4541,0,4541,3027,0,0,3027,0,3027,4541,4541,4541,3027,3027,0,4541,0,4541,3027,6054,3027,6054,4541,6054,4541,6054,4541,3027,3027,6054,6054,4541,4541,6054,0,3027,6054,4541,0,6054,6054,4541,0,0,4541,4541,0,6054,0,0,6054,4541,4541,6054,4541,4541,3027,6054,4541,0,0,4541,4541,6054,6054,4541,4541,4541,6054,4541,0,0,6054,3027,4541,3027,0,3027,3027,4541,0,4541,6054,3027,0,0,0,6054,4541,3027,6054,0,4541,0,3027,0,3027,4541,0,0,0,4541,3027,3027,0,0,0,3027,0,3027,3027,0,0,4541,0,4541,0,4541,0,0,3027,3027,0,3027,4541,3027,0,4541,0,3027,4541,6054,3027,6054,4541,0,4541,0,4541,3027,0,4541,4541,3027,3027,3027,4541,0,4541,0,3027,6054,4541,3027,4541,4541,4541,3027,0,4541,3027,4541,0,0,0,3027,0,0,3027,0,0,0,0,4541,3027,0,0,3027,0,0,0,3027,0,3027,0,3027,0,3027,4541,0,0,0,3027,0,6054,6054,4541,6054,6054,4541,4541,6054,3027,3027,0,4541,4541,3027,4541,3027,6054,6054,6054,6054,4541,6054,4541,0,6054,4541,4541,4541,3027,0,0,6054,0,6054,3027,3027,3027,4541,3027,3027,3027,4541,4541,3027,3027,0,4541,6054,3027,0,4541,0,0,3027,6054,0,3027,0,6054,4541,6054,6054,6054,6054,0,6054,6054,3027,6054,3027,0,6054,6054,4541,3027,0,4541,4541,4541,4541,0,3027,0,3027,0,6054,4541,0,0,0,0,0,0,0,0,0,0,0,0,0,0,0,0,3027,3027,6054,4541,4541,0,0,3027,4541,0,4541,0,4541,0,0,6054,0,0,4541,0,0,4541,4541,0,4541,4541,4541,3027,4541,0,6054,4541,0,4541,4541,3027,4541,0,0,6054,0,3027,4541,3027,0,0,0,0,4541,0,0,4541,4541,3027,6054,3027,4541,6054,6054,0,0,0,0,0,0,0,0,3027,4541,0,6054,6054,0,6054,3027,4541,6054,4541,0,4541,0,4541,3027,4541
Solde net FPIC (en €),,,,,,,,,,,,,,,,,,,,,,,,,,,,,,,,,,,,,,,,,,,,,,,,,,,,,,,,,,,,,,,,,,,,,,,,,,,,,,,,,,,,,,,,,,,,,,,,,,,,,,,,,,,,,,,,,,,,,,,,,,,,,,,,,,,,,,,,,,,,,,,,,,,,,,,,,,,,,,,,,,,,,,,,,,,,,,,,,,,,,,,,,,,,,,,,,,,,,,,,,,,,,,,,,,,,,,,,,,,,,,,,,,,,,,,,,,,,,,,,,,,,,,,,,,,,,,,,,,,,,,,,,,,,,,,,,,,,,,,,,,,,,,,,,,,,,,,,,,,,,,,,,,,,,,,,,,,,,,,,,,,,,,,,,,,,,,,,,,,,,,,,,,,,,,,,,,,,,,,,,,,,,,,,,,,,,,,,,,,,,,,,,,,,,,,,,,,,,,,,,,,,,,,,,,,,,,,,,,,,,,,,,,,,,,,,,,,,,,,,,,,,,,,,,,,,,,,,,,,,,,,,
Dont reversement au profit de la commune (en €),,,,,,,,,,,,,,,,,,,,,,,,,,,,,,,,,,,,,,,,,,,,,,,,,,,,,,,,,,,,,,,,,,,,,,,,,,,,,,,,,,,,,,,,,,,,,,,,,,,,,,,,,,,,,,,,,,,,,,,,,,,,,,,,,,,,,,,,,,,,,,,,,,,,,,,,,,,,,,,,,,,,,,,,,,,,,,,,,,,,,,,,,,,,,,,,,,,,,,,,,,,,,,,,,,,,,,,,,,,,,,,,,,,,,,,,,,,,,,,,,,,,,,,,,,,,,,,,,,,,,,,,,,,,,,,,,,,,,,,,,,,,,,,,,,,,,,,,,,,,,,,,,,,,,,,,,,,,,,,,,,,,,,,,,,,,,,,,,,,,,,,,,,,,,,,,,,,,,,,,,,,,,,,,,,,,,,,,,,,,,,,,,,,,,,,,,,,,,,,,,,,,,,,,,,,,,,,,,,,,,,,,,,,,,,,,,,,,,,,,,,,,,,,,,,,,,,,,,,,,,,,,
Dont prélèvement de la commune (en €),,,,,,,,,,,,,,,,,,,,,,,,,,,,,,,,,,,,,,,,,,,,,,,,,,,,,,,,,,,,,,,,,,,,,,,,,,,,,,,,,,,,,,,,,,,,,,,,,,,,,,,,,,,,,,,,,,,,,,,,,,,,,,,,,,,,,,,,,,,,,,,,,,,,,,,,,,,,,,,,,,,,,,,,,,,,,,,,,,,,,,,,,,,,,,,,,,,,,,,,,,,,,,,,,,,,,,,,,,,,,,,,,,,,,,,,,,,,,,,,,,,,,,,,,,,,,,,,,,,,,,,,,,,,,,,,,,,,,,,,,,,,,,,,,,,,,,,,,,,,,,,,,,,,,,,,,,,,,,,,,,,,,,,,,,,,,,,,,,,,,,,,,,,,,,,,,,,,,,,,,,,,,,,,,,,,,,,,,,,,,,,,,,,,,,,,,,,,,,,,,,,,,,,,,,,,,,,,,,,,,,,,,,,,,,,,,,,,,,,,,,,,,,,,,,,,,,,,,,,,,,,,
FPIC par habitant (en €),,,,,,,,,,,,,,,,,,,,,,,,,,,,,,,,,,,,,,,,,,,,,,,,,,,,,,,,,,,,,,,,,,,,,,,,,,,,,,,,,,,,,,,,,,,,,,,,,,,,,,,,,,,,,,,,,,,,,,,,,,,,,,,,,,,,,,,,,,,,,,,,,,,,,,,,,,,,,,,,,,,,,,,,,,,,,,,,,,,,,,,,,,,,,,,,,,,,,,,,,,,,,,,,,,,,,,,,,,,,,,,,,,,,,,,,,,,,,,,,,,,,,,,,,,,,,,,,,,,,,,,,,,,,,,,,,,,,,,,,,,,,,,,,,,,,,,,,,,,,,,,,,,,,,,,,,,,,,,,,,,,,,,,,,,,,,,,,,,,,,,,,,,,,,,,,,,,,,,,,,,,,,,,,,,,,,,,,,,,,,,,,,,,,,,,,,,,,,,,,,,,,,,,,,,,,,,,,,,,,,,,,,,,,,,,,,,,,,,,,,,,,,,,,,,,,,,,,,,,,,,,,
