Date,Ann√©e,Mois,Jour,Prix
2013-01-28,2013,1,28,13.05
2013-01-29,2013,1,29,13.2
2013-01-30,2013,1,30,13.79
2013-01-31,2013,1,31,14.56
2013-02-01,2013,2,1,14.75
2013-02-02,2013,2,2,15.35
2013-02-03,2013,2,3,15.1
2013-02-04,2013,2,4,14.37
2013-02-05,2013,2,5,14.76
2013-02-06,2013,2,6,15.02
2013-02-07,2013,2,7,15.2
2013-02-08,2013,2,8,15.84
2013-02-09,2013,2,9,16.26
2013-02-10,2013,2,10,16.85
2013-02-11,2013,2,11,17.44
2013-02-12,2013,2,12,17.47
2013-02-13,2013,2,13,18.0
2013-02-14,2013,2,14,18.71
2013-02-15,2013,2,15,18.43
2013-02-16,2013,2,16,20.12
2013-02-17,2013,2,17,20.2
2013-02-18,2013,2,18,20.44
2013-02-19,2013,2,19,20.18
2013-02-20,2013,2,20,20.34
2013-02-21,2013,2,21,22.26
2013-02-22,2013,2,22,22.5
2013-02-23,2013,2,23,22.51
2013-02-24,2013,2,24,23.0
2013-02-25,2013,2,25,22.68
2013-02-26,2013,2,26,22.66
2013-02-27,2013,2,27,23.21
2013-02-28,2013,2,28,24.0
2013-03-01,2013,3,1,23.5
2013-03-02,2013,3,2,25.64
2013-03-03,2013,3,3,26.7
2013-03-04,2013,3,4,26.97
2013-03-05,2013,3,5,26.9
2013-03-06,2013,3,6,28.23
2013-03-07,2013,3,7,31.47
2013-03-08,2013,3,8,32.31
2013-03-09,2013,3,9,31.57
2013-03-10,2013,3,10,33.59
2013-03-11,2013,3,11,35.8
2013-03-12,2013,3,12,35.7
2013-03-13,2013,3,13,37.15
2013-03-14,2013,3,14,33.18
2013-03-15,2013,3,15,36.42
2013-03-16,2013,3,16,36.52
2013-03-17,2013,3,17,36.4
2013-03-18,2013,3,18,36.5
2013-03-19,2013,3,19,36.65
2013-03-20,2013,3,20,39.5
2013-03-21,2013,3,21,46.0
2013-03-22,2013,3,22,49.82
2013-03-23,2013,3,23,56.0
2013-03-24,2013,3,24,53.97
2013-03-25,2013,3,25,49.65
2013-03-26,2013,3,26,55.15
2013-03-27,2013,3,27,56.75
2013-03-28,2013,3,28,60.93
2013-03-29,2013,3,29,69.25
2013-03-30,2013,3,30,70.63
2013-03-31,2013,3,31,70.86
2013-04-01,2013,4,1,72.27
2013-04-02,2013,4,2,73.74
2013-04-03,2013,4,3,80.77
2013-04-04,2013,4,4,92.19
2013-04-05,2013,4,5,102.99
2013-04-06,2013,4,6,104.0
2013-04-07,2013,4,7,108.5
2013-04-08,2013,4,8,111.97
2013-04-09,2013,4,9,127.16
2013-04-10,2013,4,10,143.63
2013-04-11,2013,4,11,180.1
2013-04-12,2013,4,12,127.01
2013-04-13,2013,4,13,92.0
2013-04-14,2013,4,14,88.0
2013-04-15,2013,4,15,71.0
2013-04-16,2013,4,16,67.4
2013-04-17,2013,4,17,63.0
2013-04-18,2013,4,18,51.1
2013-04-19,2013,4,19,71.5
2013-04-20,2013,4,20,82.5
2013-04-21,2013,4,21,91.51
2013-04-22,2013,4,22,98.15
2013-04-23,2013,4,23,92.0
2013-04-24,2013,4,24,95.0
2013-04-25,2013,4,25,109.68
2013-04-26,2013,4,26,119.0
2013-04-27,2013,4,27,108.8
2013-04-28,2013,4,28,105.0
2013-04-29,2013,4,29,100.7
2013-04-30,2013,4,30,104.0
2013-05-01,2013,5,1,109.0
2013-05-02,2013,5,2,105.55
2013-05-03,2013,5,3,90.0
2013-05-04,2013,5,4,81.18
2013-05-05,2013,5,5,75.0
2013-05-06,2013,5,6,84.49
2013-05-07,2013,5,7,88.33
2013-05-08,2013,5,8,85.04
2013-05-09,2013,5,9,85.0
2013-05-10,2013,5,10,85.0
2013-05-11,2013,5,11,85.3
2013-05-12,2013,5,12,88.11
2013-05-13,2013,5,13,90.0
2013-05-14,2013,5,14,89.8
2013-05-15,2013,5,15,90.09
2013-05-16,2013,5,16,86.01
2013-05-17,2013,5,17,87.95
2013-05-18,2013,5,18,91.11
2013-05-19,2013,5,19,93.1
2013-05-20,2013,5,20,93.65
2013-05-21,2013,5,21,93.9
2013-05-22,2013,5,22,92.5
2013-05-23,2013,5,23,93.28
2013-05-24,2013,5,24,94.41
2013-05-25,2013,5,25,96.0
2013-05-26,2013,5,26,102.0
2013-05-27,2013,5,27,101.0
2013-05-28,2013,5,28,102.29
2013-05-29,2013,5,29,101.5
2013-05-30,2013,5,30,99.8
2013-05-31,2013,5,31,102.0
2013-06-01,2013,6,1,99.6
2013-06-02,2013,6,2,99.57
2013-06-03,2013,6,3,100.0
2013-06-04,2013,6,4,95.49
2013-06-05,2013,6,5,94.0
2013-06-06,2013,6,6,95.0
2013-06-07,2013,6,7,93.25
2013-06-08,2013,6,8,92.74
2013-06-09,2013,6,9,87.0
2013-06-10,2013,6,10,82.31
2013-06-11,2013,6,11,76.49
2013-06-12,2013,6,12,80.74
2013-06-13,2013,6,13,83.44
2013-06-14,2013,6,14,82.73
2013-06-15,2013,6,15,77.53
2013-06-16,2013,6,16,75.9
2013-06-17,2013,6,17,75.2
2013-06-18,2013,6,18,74.65
2013-06-19,2013,6,19,76.79
2013-06-20,2013,6,20,80.07
2013-06-21,2013,6,21,80.12
2013-06-22,2013,6,22,82.0
2013-06-23,2013,6,23,82.7
2013-06-24,2013,6,24,81.0
2013-06-25,2013,6,25,80.9
2013-06-26,2013,6,26,77.09
2013-06-27,2013,6,27,79.44
2013-06-28,2013,6,28,78.91
2013-06-29,2013,6,29,77.5
2013-06-30,2013,6,30,72.5
2013-07-01,2013,7,1,71.5
2013-07-02,2013,7,2,73.9
2013-07-03,2013,7,3,66.32
2013-07-04,2013,7,4,69.0
2013-07-05,2013,7,5,60.0
2013-07-06,2013,7,6,61.43
2013-07-07,2013,7,7,53.54
2013-07-08,2013,7,8,53.6
2013-07-09,2013,7,9,59.0
2013-07-10,2013,7,10,59.6
2013-07-11,2013,7,11,60.85
2013-07-12,2013,7,12,68.5
2013-07-13,2013,7,13,68.76
2013-07-14,2013,7,14,72.6
2013-07-15,2013,7,15,74.0
2013-07-16,2013,7,16,73.44
2013-07-17,2013,7,17,74.59
2013-07-18,2013,7,18,73.81
2013-07-19,2013,7,19,75.3
2013-07-20,2013,7,20,70.65
2013-07-21,2013,7,21,70.15
2013-07-22,2013,7,22,69.8
2013-07-23,2013,7,23,69.27
2013-07-24,2013,7,24,70.0
2013-07-25,2013,7,25,73.0
2013-07-26,2013,7,26,71.99
2013-07-27,2013,7,27,72.98
2013-07-28,2013,7,28,72.36
2013-07-29,2013,7,29,70.5
2013-07-30,2013,7,30,74.0
2013-07-31,2013,7,31,75.37
2013-08-01,2013,8,1,79.48
2013-08-02,2013,8,2,77.8
2013-08-03,2013,8,3,78.0
2013-08-04,2013,8,4,78.5
2013-08-05,2013,8,5,77.58
2013-08-06,2013,8,6,78.1
2013-08-07,2013,8,7,80.95
2013-08-08,2013,8,8,79.2
2013-08-09,2013,8,9,79.0
2013-08-10,2013,8,10,77.8
2013-08-11,2013,8,11,76.89
2013-08-12,2013,8,12,76.9
2013-08-13,2013,8,13,77.7
2013-08-14,2013,8,14,79.11
2013-08-15,2013,8,15,80.6
2013-08-16,2013,8,16,82.77
2013-08-17,2013,8,17,82.24
2013-08-18,2013,8,18,81.77
2013-08-19,2013,8,19,82.75
2013-08-20,2013,8,20,83.41
2013-08-21,2013,8,21,88.0
2013-08-22,2013,8,22,89.9
2013-08-23,2013,8,23,89.83
2013-08-24,2013,8,24,89.99
2013-08-25,2013,8,25,87.5
2013-08-26,2013,8,26,88.3
2013-08-27,2013,8,27,89.95
2013-08-28,2013,8,28,88.7
2013-08-29,2013,8,29,96.25
2013-08-30,2013,8,30,95.2
2013-08-31,2013,8,31,95.27
2013-09-01,2013,9,1,101.36
2013-09-02,2013,9,2,105.32
2013-09-03,2013,9,3,108.36
2013-09-04,2013,9,4,106.15
2013-09-05,2013,9,5,107.25
2013-09-06,2013,9,6,100.1
2013-09-07,2013,9,7,99.3
2013-09-08,2013,9,8,93.7
2013-09-09,2013,9,9,97.81
2013-09-10,2013,9,10,96.0
2013-09-11,2013,9,11,99.2
2013-09-12,2013,9,12,99.03
2013-09-13,2013,9,13,105.17
2013-09-14,2013,9,14,104.0
2013-09-15,2013,9,15,104.8
2013-09-16,2013,9,16,101.98
2013-09-17,2013,9,17,102.96
2013-09-18,2013,9,18,104.77
2013-09-19,2013,9,19,103.33
2013-09-20,2013,9,20,103.43
2013-09-21,2013,9,21,100.01
2013-09-22,2013,9,22,98.5
2013-09-23,2013,9,23,98.98
2013-09-24,2013,9,24,99.19
2013-09-25,2013,9,25,98.65
2013-09-26,2013,9,26,97.3
2013-09-27,2013,9,27,100.73
2013-09-28,2013,9,28,98.8
2013-09-29,2013,9,29,101.0
2013-09-30,2013,9,30,103.53
2013-10-01,2013,10,1,104.49
2013-10-02,2013,10,2,102.79
2013-10-03,2013,10,3,102.4
2013-10-04,2013,10,4,89.93
2013-10-05,2013,10,5,94.1
2013-10-06,2013,10,6,99.49
2013-10-07,2013,10,7,99.58
2013-10-08,2013,10,8,98.55
2013-10-09,2013,10,9,99.45
2013-10-10,2013,10,10,99.64
2013-10-11,2013,10,11,101.51
2013-10-12,2013,10,12,102.21
2013-10-13,2013,10,13,102.01
2013-10-14,2013,10,14,102.1
2013-10-15,2013,10,15,105.63
2013-10-16,2013,10,16,108.44
2013-10-17,2013,10,17,113.89
2013-10-18,2013,10,18,111.97
2013-10-19,2013,10,19,113.43
2013-10-20,2013,10,20,119.96
2013-10-21,2013,10,21,130.51
2013-10-22,2013,10,22,132.99
2013-10-23,2013,10,23,138.84
2013-10-24,2013,10,24,145.94
2013-10-25,2013,10,25,164.55
2013-10-26,2013,10,26,146.97
2013-10-27,2013,10,27,142.87
2013-10-28,2013,10,28,139.85
2013-10-29,2013,10,29,147.24
2013-10-30,2013,10,30,148.53
2013-10-31,2013,10,31,154.93
2013-11-01,2013,11,1,151.38
2013-11-02,2013,11,2,152.83
2013-11-03,2013,11,3,153.39
2013-11-04,2013,11,4,155.92
2013-11-05,2013,11,5,163.9
2013-11-06,2013,11,6,173.32
2013-11-07,2013,11,7,181.9
2013-11-08,2013,11,8,196.51
2013-11-09,2013,11,9,227.92
2013-11-10,2013,11,10,259.0
2013-11-11,2013,11,11,274.99
2013-11-12,2013,11,12,253.69
2013-11-13,2013,11,13,267.13
2013-11-14,2013,11,14,277.45
2013-11-15,2013,11,15,318.05
2013-11-16,2013,11,16,318.31
2013-11-17,2013,11,17,326.11
2013-11-18,2013,11,18,341.77
2013-11-19,2013,11,19,388.61
2013-11-20,2013,11,20,582.53
2013-11-21,2013,11,21,479.95
2013-11-22,2013,11,22,467.63
2013-11-23,2013,11,23,551.3
2013-11-24,2013,11,24,585.03
2013-11-25,2013,11,25,625.23
2013-11-26,2013,11,26,598.45
2013-11-27,2013,11,27,603.79
2013-11-28,2013,11,28,706.51
2013-11-29,2013,11,29,779.33
2013-11-30,2013,11,30,826.37
2013-12-01,2013,12,1,875.99
2013-12-02,2013,12,2,865.31
2013-12-03,2013,12,3,738.58
2013-12-04,2013,12,4,790.45
2013-12-05,2013,12,5,829.34
2013-12-06,2013,12,6,876.6
2013-12-07,2013,12,7,796.93
2013-12-08,2013,12,8,612.81
2013-12-09,2013,12,9,509.97
2013-12-10,2013,12,10,591.71
2013-12-11,2013,12,11,675.61
2013-12-12,2013,12,12,739.89
2013-12-13,2013,12,13,665.32
2013-12-14,2013,12,14,642.3
2013-12-15,2013,12,15,666.57
2013-12-16,2013,12,16,652.14
2013-12-17,2013,12,17,658.39
2013-12-18,2013,12,18,547.22
2013-12-19,2013,12,19,515.89
2013-12-20,2013,12,20,396.42
2013-12-21,2013,12,21,528.25
2013-12-22,2013,12,22,481.97
2013-12-23,2013,12,23,465.7
2013-12-24,2013,12,24,464.46
2013-12-25,2013,12,25,511.34
2013-12-26,2013,12,26,493.67
2013-12-27,2013,12,27,507.84
2013-12-28,2013,12,28,569.24
2013-12-29,2013,12,29,565.92
2013-12-30,2013,12,30,547.63
2013-12-31,2013,12,31,556.17
2014-01-01,2014,1,1,567.19
2014-01-02,2014,1,2,566.94
2014-01-03,2014,1,3,569.83
2014-01-04,2014,1,4,599.98
2014-01-05,2014,1,5,616.11
2014-01-06,2014,1,6,647.58
2014-01-07,2014,1,7,706.9
2014-01-08,2014,1,8,703.84
2014-01-09,2014,1,9,631.44
2014-01-10,2014,1,10,645.15
2014-01-11,2014,1,11,661.81
2014-01-12,2014,1,12,657.02
2014-01-13,2014,1,13,694.96
2014-01-14,2014,1,14,669.41
2014-01-15,2014,1,15,655.45
2014-01-16,2014,1,16,637.92
2014-01-17,2014,1,17,662.14
2014-01-18,2014,1,18,646.1
2014-01-19,2014,1,19,626.76
2014-01-20,2014,1,20,626.19
2014-01-21,2014,1,21,650.8
2014-01-22,2014,1,22,671.96
2014-01-23,2014,1,23,676.3
2014-01-24,2014,1,24,653.83
2014-01-25,2014,1,25,650.27
2014-01-26,2014,1,26,627.47
2014-01-27,2014,1,27,668.76
2014-01-28,2014,1,28,704.66
2014-01-29,2014,1,29,633.64
2014-01-30,2014,1,30,644.67
2014-01-31,2014,1,31,655.53
2014-02-01,2014,2,1,652.39
2014-02-02,2014,2,2,642.18
2014-02-03,2014,2,3,650.38
2014-02-04,2014,2,4,651.06
2014-02-05,2014,2,5,651.09
2014-02-06,2014,2,6,650.88
2014-02-07,2014,2,7,643.13
2014-02-08,2014,2,8,603.43
2014-02-09,2014,2,9,522.84
2014-02-10,2014,2,10,493.63
2014-02-11,2014,2,11,500.06
2014-02-12,2014,2,12,452.82
2014-02-13,2014,2,13,455.32
2014-02-14,2014,2,14,415.27
2014-02-15,2014,2,15,374.42
2014-02-16,2014,2,16,352.47
2014-02-17,2014,2,17,285.68
2014-02-18,2014,2,18,240.54
2014-02-19,2014,2,19,238.84
2014-02-20,2014,2,20,232.03
2014-02-21,2014,2,21,213.75
2014-02-22,2014,2,22,115.19
2014-02-23,2014,2,23,113.0
2014-02-24,2014,2,24,210.87
2014-02-25,2014,2,25,272.64
2014-02-26,2014,2,26,153.64
2014-02-27,2014,2,27,198.75
2014-02-28,2014,2,28,430.63
2014-03-01,2014,3,1,432.31
2014-03-02,2014,3,2,416.86
2014-03-03,2014,3,3,420.17
2014-03-04,2014,3,4,412.89
2014-03-05,2014,3,5,474.17
2014-03-06,2014,3,6,490.98
2014-03-07,2014,3,7,489.4
2014-03-08,2014,3,8,481.13
2014-03-09,2014,3,9,463.74
2014-03-10,2014,3,10,455.7
2014-03-11,2014,3,11,465.87
2014-03-12,2014,3,12,456.49
2014-03-13,2014,3,13,459.89
2014-03-14,2014,3,14,459.04
2014-03-15,2014,3,15,464.64
2014-03-16,2014,3,16,458.52
2014-03-17,2014,3,17,460.14
2014-03-18,2014,3,18,459.13
2014-03-19,2014,3,19,449.52
2014-03-20,2014,3,20,445.54
2014-03-21,2014,3,21,442.94
2014-03-22,2014,3,22,426.41
2014-03-23,2014,3,23,416.32
2014-03-24,2014,3,24,414.39
2014-03-25,2014,3,25,411.78
2014-03-26,2014,3,26,422.58
2014-03-27,2014,3,27,422.81
2014-03-28,2014,3,28,425.07
2014-03-29,2014,3,29,368.74
2014-03-30,2014,3,30,373.04
2014-03-31,2014,3,31,364.35
2014-04-01,2014,4,1,339.86
2014-04-02,2014,4,2,335.11
2014-04-03,2014,4,3,357.65
2014-04-04,2014,4,4,321.96
2014-04-05,2014,4,5,326.56
2014-04-06,2014,4,6,331.41
2014-04-07,2014,4,7,336.7
2014-04-08,2014,4,8,336.82
2014-04-09,2014,4,9,331.75
2014-04-10,2014,4,10,332.24
2014-04-11,2014,4,11,325.74
2014-04-12,2014,4,12,275.98
2014-04-13,2014,4,13,306.21
2014-04-14,2014,4,14,310.0
2014-04-15,2014,4,15,302.83
2014-04-16,2014,4,16,335.33
2014-04-17,2014,4,17,376.87
2014-04-18,2014,4,18,377.08
2014-04-19,2014,4,19,364.31
2014-04-20,2014,4,20,352.06
2014-04-21,2014,4,21,363.17
2014-04-22,2014,4,22,363.76
2014-04-23,2014,4,23,360.13
2014-04-24,2014,4,24,353.78
2014-04-25,2014,4,25,355.88
2014-04-26,2014,4,26,359.33
2014-04-27,2014,4,27,337.72
2014-04-28,2014,4,28,331.96
2014-04-29,2014,4,29,319.1
2014-04-30,2014,4,30,319.6
2014-05-01,2014,5,1,322.34
2014-05-02,2014,5,2,324.54
2014-05-03,2014,5,3,332.38
2014-05-04,2014,5,4,326.36
2014-05-05,2014,5,5,316.09
2014-05-06,2014,5,6,315.18
2014-05-07,2014,5,7,311.73
2014-05-08,2014,5,8,310.39
2014-05-09,2014,5,9,318.25
2014-05-10,2014,5,10,319.2
2014-05-11,2014,5,11,327.29
2014-05-12,2014,5,12,328.95
2014-05-13,2014,5,13,319.06
2014-05-14,2014,5,14,320.34
2014-05-15,2014,5,15,320.0
2014-05-16,2014,5,16,324.69
2014-05-17,2014,5,17,327.55
2014-05-18,2014,5,18,327.82
2014-05-19,2014,5,19,329.19
2014-05-20,2014,5,20,325.29
2014-05-21,2014,5,21,325.78
2014-05-22,2014,5,22,354.09
2014-05-23,2014,5,23,358.95
2014-05-24,2014,5,24,381.03
2014-05-25,2014,5,25,382.72
2014-05-26,2014,5,26,385.7
2014-05-27,2014,5,27,418.97
2014-05-28,2014,5,28,426.03
2014-05-29,2014,5,29,421.19
2014-05-30,2014,5,30,422.29
2014-05-31,2014,5,31,417.76
2014-06-01,2014,6,1,451.36
2014-06-02,2014,6,2,456.74
2014-06-03,2014,6,3,464.27
2014-06-04,2014,6,4,481.23
2014-06-05,2014,6,5,491.99
2014-06-06,2014,6,6,476.13
2014-06-07,2014,6,7,487.33
2014-06-08,2014,6,8,480.69
2014-06-09,2014,6,9,480.76
2014-06-10,2014,6,10,480.63
2014-06-11,2014,6,11,475.19
2014-06-12,2014,6,12,477.9
2014-06-13,2014,6,13,463.14
2014-06-14,2014,6,14,420.97
2014-06-15,2014,6,15,436.01
2014-06-16,2014,6,16,419.62
2014-06-17,2014,6,17,432.51
2014-06-18,2014,6,18,439.42
2014-06-19,2014,6,19,446.32
2014-06-20,2014,6,20,446.48
2014-06-21,2014,6,21,438.55
2014-06-22,2014,6,22,437.19
2014-06-23,2014,6,23,438.04
2014-06-24,2014,6,24,448.14
2014-06-25,2014,6,25,431.94
2014-06-26,2014,6,26,426.56
2014-06-27,2014,6,27,412.46
2014-06-28,2014,6,28,425.66
2014-06-29,2014,6,29,437.22
2014-06-30,2014,6,30,437.1
2014-07-01,2014,7,1,438.91
2014-07-02,2014,7,2,463.96
2014-07-03,2014,7,3,467.41
2014-07-04,2014,7,4,472.51
2014-07-05,2014,7,5,467.91
2014-07-06,2014,7,6,463.17
2014-07-07,2014,7,7,461.95
2014-07-08,2014,7,8,465.4
2014-07-09,2014,7,9,457.89
2014-07-10,2014,7,10,457.56
2014-07-11,2014,7,11,457.46
2014-07-12,2014,7,12,451.97
2014-07-13,2014,7,13,463.24
2014-07-14,2014,7,14,467.03
2014-07-15,2014,7,15,461.7
2014-07-16,2014,7,16,454.32
2014-07-17,2014,7,17,458.13
2014-07-18,2014,7,18,456.43
2014-07-19,2014,7,19,460.0
2014-07-20,2014,7,20,462.86
2014-07-21,2014,7,21,462.08
2014-07-22,2014,7,22,458.55
2014-07-23,2014,7,23,456.38
2014-07-24,2014,7,24,460.57
2014-07-25,2014,7,25,459.44
2014-07-26,2014,7,26,448.24
2014-07-27,2014,7,27,449.51
2014-07-28,2014,7,28,445.81
2014-07-29,2014,7,29,443.78
2014-07-30,2014,7,30,439.12
2014-07-31,2014,7,31,436.82
2014-08-01,2014,8,1,421.2
2014-08-02,2014,8,2,436.27
2014-08-03,2014,8,3,445.47
2014-08-04,2014,8,4,440.63
2014-08-05,2014,8,5,436.27
2014-08-06,2014,8,6,437.92
2014-08-07,2014,8,7,435.38
2014-08-08,2014,8,8,434.24
2014-08-09,2014,8,9,439.06
2014-08-10,2014,8,10,440.93
2014-08-11,2014,8,11,438.74
2014-08-12,2014,8,12,438.43
2014-08-13,2014,8,13,430.67
2014-08-14,2014,8,14,428.29
2014-08-15,2014,8,15,411.11
2014-08-16,2014,8,16,382.63
2014-08-17,2014,8,17,376.9
2014-08-18,2014,8,18,396.28
2014-08-19,2014,8,19,376.43
2014-08-20,2014,8,20,351.65
2014-08-21,2014,8,21,370.0
2014-08-22,2014,8,22,393.18
2014-08-23,2014,8,23,395.87
2014-08-24,2014,8,24,392.57
2014-08-25,2014,8,25,379.74
2014-08-26,2014,8,26,388.0
2014-08-27,2014,8,27,382.03
2014-08-28,2014,8,28,388.19
2014-08-29,2014,8,29,387.64
2014-08-30,2014,8,30,382.91
2014-08-31,2014,8,31,386.6
2014-09-01,2014,9,1,384.2
2014-09-02,2014,9,2,368.43
2014-09-03,2014,9,3,364.22
2014-09-04,2014,9,4,361.35
2014-09-05,2014,9,5,361.6
2014-09-06,2014,9,6,379.72
2014-09-07,2014,9,7,369.91
2014-09-08,2014,9,8,371.31
2014-09-09,2014,9,9,371.31
2014-09-10,2014,9,10,365.21
2014-09-11,2014,9,11,366.01
2014-09-12,2014,9,12,368.35
2014-09-13,2014,9,13,369.29
2014-09-14,2014,9,14,367.49
2014-09-15,2014,9,15,365.85
2014-09-16,2014,9,16,364.67
2014-09-17,2014,9,17,363.43
2014-09-18,2014,9,18,359.56
2014-09-19,2014,9,19,353.98
2014-09-20,2014,9,20,331.25
2014-09-21,2014,9,21,308.98
2014-09-22,2014,9,22,320.71
2014-09-23,2014,9,23,311.72
2014-09-24,2014,9,24,312.12
2014-09-25,2014,9,25,340.77
2014-09-26,2014,9,26,328.27
2014-09-27,2014,9,27,319.65
2014-09-28,2014,9,28,318.65
2014-09-29,2014,9,29,314.83
2014-09-30,2014,9,30,296.87
2014-10-01,2014,10,1,291.7
2014-10-02,2014,10,2,307.35
2014-10-03,2014,10,3,303.39
2014-10-04,2014,10,4,294.37
2014-10-05,2014,10,5,284.22
2014-10-06,2014,10,6,263.45
2014-10-07,2014,10,7,258.56
2014-10-08,2014,10,8,261.62
2014-10-09,2014,10,9,263.13
2014-10-10,2014,10,10,280.45
2014-10-11,2014,10,11,283.47
2014-10-12,2014,10,12,285.52
2014-10-13,2014,10,13,288.56
2014-10-14,2014,10,14,298.47
2014-10-15,2014,10,15,306.11
2014-10-16,2014,10,16,316.85
2014-10-17,2014,10,17,310.88
2014-10-18,2014,10,18,300.26
2014-10-19,2014,10,19,299.53
2014-10-20,2014,10,20,306.62
2014-10-21,2014,10,21,304.33
2014-10-22,2014,10,22,299.2
2014-10-23,2014,10,23,302.46
2014-10-24,2014,10,24,301.09
2014-10-25,2014,10,25,283.53
2014-10-26,2014,10,26,282.96
2014-10-27,2014,10,27,276.64
2014-10-28,2014,10,28,281.63
2014-10-29,2014,10,29,280.74
2014-10-30,2014,10,30,281.89
2014-10-31,2014,10,31,268.03
2014-11-01,2014,11,1,274.1
2014-11-02,2014,11,2,270.01
2014-11-03,2014,11,3,260.08
2014-11-04,2014,11,4,259.84
2014-11-05,2014,11,5,260.64
2014-11-06,2014,11,6,261.41
2014-11-07,2014,11,7,269.98
2014-11-08,2014,11,8,278.41
2014-11-09,2014,11,9,274.3
2014-11-10,2014,11,10,275.0
2014-11-11,2014,11,11,286.67
2014-11-12,2014,11,12,290.72
2014-11-13,2014,11,13,293.86
2014-11-14,2014,11,14,326.18
2014-11-15,2014,11,15,331.74
2014-11-16,2014,11,16,318.33
2014-11-17,2014,11,17,306.19
2014-11-18,2014,11,18,309.99
2014-11-19,2014,11,19,311.34
2014-11-20,2014,11,20,302.93
2014-11-21,2014,11,21,303.89
2014-11-22,2014,11,22,285.82
2014-11-23,2014,11,23,284.05
2014-11-24,2014,11,24,287.06
2014-11-25,2014,11,25,296.2
2014-11-26,2014,11,26,304.58
2014-11-27,2014,11,27,301.42
2014-11-28,2014,11,28,294.48
2014-11-29,2014,11,29,296.01
2014-11-30,2014,11,30,302.66
2014-12-01,2014,12,1,303.46
2014-12-02,2014,12,2,301.01
2014-12-03,2014,12,3,303.48
2014-12-04,2014,12,4,304.56
2014-12-05,2014,12,5,304.18
2014-12-06,2014,12,6,298.84
2014-12-07,2014,12,7,304.78
2014-12-08,2014,12,8,302.93
2014-12-09,2014,12,9,303.87
2014-12-10,2014,12,10,296.66
2014-12-11,2014,12,11,285.88
2014-12-12,2014,12,12,282.45
2014-12-13,2014,12,13,283.64
2014-12-14,2014,12,14,286.24
2014-12-15,2014,12,15,282.45
2014-12-16,2014,12,16,284.19
2014-12-17,2014,12,17,280.63
2014-12-18,2014,12,18,267.19
2014-12-19,2014,12,19,261.87
2014-12-20,2014,12,20,255.21
2014-12-21,2014,12,21,260.94
2014-12-22,2014,12,22,268.97
2014-12-23,2014,12,23,262.84
2014-12-24,2014,12,24,271.15
2014-12-25,2014,12,25,274.81
2014-12-26,2014,12,26,264.68
2014-12-27,2014,12,27,261.75
2014-12-28,2014,12,28,270.56
2014-12-29,2014,12,29,261.34
2014-12-30,2014,12,30,262.25
2014-12-31,2014,12,31,258.82
2015-01-01,2015,1,1,257.04
2015-01-02,2015,1,2,264.93
2015-01-03,2015,1,3,262.66
2015-01-04,2015,1,4,264.51
2015-01-05,2015,1,5,241.29
2015-01-06,2015,1,6,223.06
2015-01-07,2015,1,7,229.58
2015-01-08,2015,1,8,241.68
2015-01-09,2015,1,9,250.05
2015-01-10,2015,1,10,241.72
2015-01-11,2015,1,11,246.2
2015-01-12,2015,1,12,234.06
2015-01-13,2015,1,13,228.02
2015-01-14,2015,1,14,227.09
2015-01-15,2015,1,15,192.31
2015-01-16,2015,1,16,149.91
2015-01-17,2015,1,17,183.81
2015-01-18,2015,1,18,179.94
2015-01-19,2015,1,19,174.43
2015-01-20,2015,1,20,182.05
2015-01-21,2015,1,21,188.12
2015-01-22,2015,1,22,183.91
2015-01-23,2015,1,23,196.88
2015-01-24,2015,1,24,204.59
2015-01-25,2015,1,25,207.79
2015-01-26,2015,1,26,220.42
2015-01-27,2015,1,27,227.59
2015-01-28,2015,1,28,239.97
2015-01-29,2015,1,29,232.93
2015-01-30,2015,1,30,212.53
2015-01-31,2015,1,31,206.19
2015-02-01,2015,2,1,206.03
2015-02-02,2015,2,2,194.22
2015-02-03,2015,2,3,200.84
2015-02-04,2015,2,4,209.9
2015-02-05,2015,2,5,200.75
2015-02-06,2015,2,6,201.25
2015-02-07,2015,2,7,191.22
2015-02-08,2015,2,8,197.3
2015-02-09,2015,2,9,200.4
2015-02-10,2015,2,10,197.04
2015-02-11,2015,2,11,194.91
2015-02-12,2015,2,12,195.5
2015-02-13,2015,2,13,195.18
2015-02-14,2015,2,14,196.04
2015-02-15,2015,2,15,203.58
2015-02-16,2015,2,16,222.03
2015-02-17,2015,2,17,204.96
2015-02-18,2015,2,18,208.17
2015-02-19,2015,2,19,213.72
2015-02-20,2015,2,20,206.45
2015-02-21,2015,2,21,212.92
2015-02-22,2015,2,22,214.86
2015-02-23,2015,2,23,214.21
2015-02-24,2015,2,24,207.61
2015-02-25,2015,2,25,211.16
2015-02-26,2015,2,26,209.32
2015-02-27,2015,2,27,209.91
2015-02-28,2015,2,28,210.06
2015-03-01,2015,3,1,221.5
2015-03-02,2015,3,2,220.78
2015-03-03,2015,3,3,224.59
2015-03-04,2015,3,4,242.72
2015-03-05,2015,3,5,247.94
2015-03-06,2015,3,6,245.42
2015-03-07,2015,3,7,248.4
2015-03-08,2015,3,8,248.74
2015-03-09,2015,3,9,252.96
2015-03-10,2015,3,10,251.39
2015-03-11,2015,3,11,265.39
2015-03-12,2015,3,12,270.87
2015-03-13,2015,3,13,278.72
2015-03-14,2015,3,14,278.62
2015-03-15,2015,3,15,273.38
2015-03-16,2015,3,16,269.87
2015-03-17,2015,3,17,273.1
2015-03-18,2015,3,18,275.27
2015-03-19,2015,3,19,270.05
2015-03-20,2015,3,20,242.09
2015-03-21,2015,3,21,249.41
2015-03-22,2015,3,22,245.53
2015-03-23,2015,3,23,242.62
2015-03-24,2015,3,24,249.25
2015-03-25,2015,3,25,244.26
2015-03-26,2015,3,26,230.44
2015-03-27,2015,3,27,226.8
2015-03-28,2015,3,28,230.54
2015-03-29,2015,3,29,228.33
2015-03-30,2015,3,30,232.46
2015-03-31,2015,3,31,224.16
2015-04-01,2015,4,1,229.01
2015-04-02,2015,4,2,228.45
2015-04-03,2015,4,3,228.92
2015-04-04,2015,4,4,232.73
2015-04-05,2015,4,5,231.86
2015-04-06,2015,4,6,232.63
2015-04-07,2015,4,7,235.99
2015-04-08,2015,4,8,231.88
2015-04-09,2015,4,9,233.17
2015-04-10,2015,4,10,227.42
2015-04-11,2015,4,11,227.87
2015-04-12,2015,4,12,223.16
2015-04-13,2015,4,13,223.09
2015-04-14,2015,4,14,223.43
2015-04-15,2015,4,15,214.13
2015-04-16,2015,4,16,206.47
2015-04-17,2015,4,17,210.04
2015-04-18,2015,4,18,213.06
2015-04-19,2015,4,19,208.69
2015-04-20,2015,4,20,207.21
2015-04-21,2015,4,21,208.09
2015-04-22,2015,4,22,208.81
2015-04-23,2015,4,23,218.21
2015-04-24,2015,4,24,217.41
2015-04-25,2015,4,25,215.84
2015-04-26,2015,4,26,213.22
2015-04-27,2015,4,27,208.06
2015-04-28,2015,4,28,203.44
2015-04-29,2015,4,29,209.8
2015-04-30,2015,4,30,206.8
2015-05-01,2015,5,1,204.71
2015-05-02,2015,5,2,210.57
2015-05-03,2015,5,3,208.28
2015-05-04,2015,5,4,210.85
2015-05-05,2015,5,5,213.42
2015-05-06,2015,5,6,213.51
2015-05-07,2015,5,7,210.78
2015-05-08,2015,5,8,203.68
2015-05-09,2015,5,9,210.71
2015-05-10,2015,5,10,212.64
2015-05-11,2015,5,11,214.76
2015-05-12,2015,5,12,212.96
2015-05-13,2015,5,13,215.37
2015-05-14,2015,5,14,215.17
2015-05-15,2015,5,15,208.8
2015-05-16,2015,5,16,208.62
2015-05-17,2015,5,17,209.02
2015-05-18,2015,5,18,206.4
2015-05-19,2015,5,19,205.24
2015-05-20,2015,5,20,203.18
2015-05-21,2015,5,21,205.05
2015-05-22,2015,5,22,207.69
2015-05-23,2015,5,23,209.3
2015-05-24,2015,5,24,212.33
2015-05-25,2015,5,25,210.32
2015-05-26,2015,5,26,214.14
2015-05-27,2015,5,27,212.64
2015-05-28,2015,5,28,214.45
2015-05-29,2015,5,29,213.85
2015-05-30,2015,5,30,215.37
2015-05-31,2015,5,31,214.45
2015-06-01,2015,6,1,212.07
2015-06-02,2015,6,2,208.44
2015-06-03,2015,6,3,204.19
2015-06-04,2015,6,4,203.87
2015-06-05,2015,6,5,200.36
2015-06-06,2015,6,6,198.8
2015-06-07,2015,6,7,201.32
2015-06-08,2015,6,8,201.93
2015-06-09,2015,6,9,200.78
2015-06-10,2015,6,10,201.32
2015-06-11,2015,6,11,202.36
2015-06-12,2015,6,12,201.83
2015-06-13,2015,6,13,203.29
2015-06-14,2015,6,14,203.61
2015-06-15,2015,6,15,203.64
2015-06-16,2015,6,16,205.2
2015-06-17,2015,6,17,208.27
2015-06-18,2015,6,18,217.11
2015-06-19,2015,6,19,216.64
2015-06-20,2015,6,20,217.31
2015-06-21,2015,6,21,215.11
2015-06-22,2015,6,22,214.45
2015-06-23,2015,6,23,213.61
2015-06-24,2015,6,24,216.92
2015-06-25,2015,6,25,217.07
2015-06-26,2015,6,26,214.95
2015-06-27,2015,6,27,215.5
2015-06-28,2015,6,28,217.06
2015-06-29,2015,6,29,223.52
2015-06-30,2015,6,30,225.78
2015-07-01,2015,7,1,229.24
2015-07-02,2015,7,2,237.18
2015-07-03,2015,7,3,233.67
2015-07-04,2015,7,4,229.79
2015-07-05,2015,7,5,231.16
2015-07-06,2015,7,6,234.33
2015-07-07,2015,7,7,244.46
2015-07-08,2015,7,8,244.22
2015-07-09,2015,7,9,242.82
2015-07-10,2015,7,10,243.81
2015-07-11,2015,7,11,245.0
2015-07-12,2015,7,12,256.45
2015-07-13,2015,7,13,262.05
2015-07-14,2015,7,14,278.88
2015-07-15,2015,7,15,264.02
2015-07-16,2015,7,16,260.87
2015-07-17,2015,7,17,259.23
2015-07-18,2015,7,18,254.96
2015-07-19,2015,7,19,257.2
2015-07-20,2015,7,20,254.26
2015-07-21,2015,7,21,252.7
2015-07-22,2015,7,22,255.0
2015-07-23,2015,7,23,251.98
2015-07-24,2015,7,24,253.17
2015-07-25,2015,7,25,251.5
2015-07-26,2015,7,26,260.92
2015-07-27,2015,7,27,262.29
2015-07-28,2015,7,28,263.94
2015-07-29,2015,7,29,263.33
2015-07-30,2015,7,30,264.96
2015-07-31,2015,7,31,262.69
2015-08-01,2015,8,1,263.44
2015-08-02,2015,8,2,259.32
2015-08-03,2015,8,3,258.02
2015-08-04,2015,8,4,258.16
2015-08-05,2015,8,5,259.15
2015-08-06,2015,8,6,261.29
2015-08-07,2015,8,7,259.36
2015-08-08,2015,8,8,255.71
2015-08-09,2015,8,9,256.25
2015-08-10,2015,8,10,240.2
2015-08-11,2015,8,11,243.91
2015-08-12,2015,8,12,241.68
2015-08-13,2015,8,13,245.76
2015-08-14,2015,8,14,242.77
2015-08-15,2015,8,15,238.63
2015-08-16,2015,8,16,241.48
2015-08-17,2015,8,17,239.01
2015-08-18,2015,8,18,236.59
2015-08-19,2015,8,19,234.69
2015-08-20,2015,8,20,230.01
2015-08-21,2015,8,21,206.99
2015-08-22,2015,8,22,212.13
2015-08-23,2015,8,23,207.26
2015-08-24,2015,8,24,204.49
2015-08-25,2015,8,25,201.67
2015-08-26,2015,8,26,186.01
2015-08-27,2015,8,27,194.68
2015-08-28,2015,8,28,200.81
2015-08-29,2015,8,29,199.84
2015-08-30,2015,8,30,208.18
2015-08-31,2015,8,31,205.06
2015-09-01,2015,9,1,204.65
2015-09-02,2015,9,2,206.19
2015-09-03,2015,9,3,202.54
2015-09-04,2015,9,4,204.71
2015-09-05,2015,9,5,203.59
2015-09-06,2015,9,6,207.19
2015-09-07,2015,9,7,211.32
2015-09-08,2015,9,8,215.57
2015-09-09,2015,9,9,214.71
2015-09-10,2015,9,10,217.95
2015-09-11,2015,9,11,213.29
2015-09-12,2015,9,12,212.22
2015-09-13,2015,9,13,212.81
2015-09-14,2015,9,14,209.31
2015-09-15,2015,9,15,203.4
2015-09-16,2015,9,16,204.14
2015-09-17,2015,9,17,204.7
2015-09-18,2015,9,18,202.85
2015-09-19,2015,9,19,204.49
2015-09-20,2015,9,20,205.79
2015-09-21,2015,9,21,203.71
2015-09-22,2015,9,22,204.8
2015-09-23,2015,9,23,202.46
2015-09-24,2015,9,24,206.44
2015-09-25,2015,9,25,205.53
2015-09-26,2015,9,26,208.81
2015-09-27,2015,9,27,209.73
2015-09-28,2015,9,28,209.17
2015-09-29,2015,9,29,207.77
2015-09-30,2015,9,30,213.23
2015-10-01,2015,10,1,211.19
2015-10-02,2015,10,2,211.14
2015-10-03,2015,10,3,212.93
2015-10-04,2015,10,4,211.22
2015-10-05,2015,10,5,212.56
2015-10-06,2015,10,6,212.64
2015-10-07,2015,10,7,214.49
2015-10-08,2015,10,8,218.48
2015-10-09,2015,10,9,216.63
2015-10-10,2015,10,10,215.38
2015-10-11,2015,10,11,215.57
2015-10-12,2015,10,12,215.61
2015-10-13,2015,10,13,217.26
2015-10-14,2015,10,14,216.49
2015-10-15,2015,10,15,218.23
2015-10-16,2015,10,16,220.17
2015-10-17,2015,10,17,223.13
2015-10-18,2015,10,18,230.51
2015-10-19,2015,10,19,235.51
2015-10-20,2015,10,20,229.59
2015-10-21,2015,10,21,232.53
2015-10-22,2015,10,22,237.44
2015-10-23,2015,10,23,234.78
2015-10-24,2015,10,24,246.46
2015-10-25,2015,10,25,250.32
2015-10-26,2015,10,26,255.85
2015-10-27,2015,10,27,260.05
2015-10-28,2015,10,28,257.79
2015-10-29,2015,10,29,265.79
2015-10-30,2015,10,30,276.79
2015-10-31,2015,10,31,284.68
2015-11-01,2015,11,1,296.65
2015-11-02,2015,11,2,282.41
2015-11-03,2015,11,3,296.09
2015-11-04,2015,11,4,318.5
2015-11-05,2015,11,5,360.02
2015-11-06,2015,11,6,368.09
2015-11-07,2015,11,7,349.52
2015-11-08,2015,11,8,342.73
2015-11-09,2015,11,9,357.93
2015-11-10,2015,11,10,346.22
2015-11-11,2015,11,11,352.13
2015-11-12,2015,11,12,315.33
2015-11-13,2015,11,13,286.21
2015-11-14,2015,11,14,309.1
2015-11-15,2015,11,15,312.61
2015-11-16,2015,11,16,309.63
2015-11-17,2015,11,17,298.41
2015-11-18,2015,11,18,309.68
2015-11-19,2015,11,19,314.69
2015-11-20,2015,11,20,315.92
2015-11-21,2015,11,21,304.28
2015-11-22,2015,11,22,301.92
2015-11-23,2015,11,23,305.75
2015-11-24,2015,11,24,304.27
2015-11-25,2015,11,25,304.01
2015-11-26,2015,11,26,300.15
2015-11-27,2015,11,27,308.84
2015-11-28,2015,11,28,336.43
2015-11-29,2015,11,29,340.9
2015-11-30,2015,11,30,337.09
2015-12-01,2015,12,1,351.09
2015-12-02,2015,12,2,357.2
2015-12-03,2015,12,3,342.33
2015-12-04,2015,12,4,339.9
2015-12-05,2015,12,5,331.71
2015-12-06,2015,12,6,334.91
2015-12-07,2015,12,7,352.72
2015-12-08,2015,12,8,361.74
2015-12-09,2015,12,9,363.8
2015-12-10,2015,12,10,376.84
2015-12-11,2015,12,11,377.31
2015-12-12,2015,12,12,379.72
2015-12-13,2015,12,13,404.58
2015-12-14,2015,12,14,393.89
2015-12-15,2015,12,15,395.59
2015-12-16,2015,12,16,401.06
2015-12-17,2015,12,17,421.85
2015-12-18,2015,12,18,413.98
2015-12-19,2015,12,19,418.48
2015-12-20,2015,12,20,425.07
2015-12-21,2015,12,21,424.75
2015-12-22,2015,12,22,407.26
2015-12-23,2015,12,23,400.17
2015-12-24,2015,12,24,397.6
2015-12-25,2015,12,25,405.3
2015-12-26,2015,12,26,414.87
2015-12-27,2015,12,27,414.88
2015-12-28,2015,12,28,381.71
2015-12-29,2015,12,29,387.8
2015-12-30,2015,12,30,384.32
2015-12-31,2015,12,31,395.16
2016-01-01,2016,1,1,391.97
2016-01-02,2016,1,2,396.94
2016-01-03,2016,1,3,400.52
2016-01-04,2016,1,4,399.81
2016-01-05,2016,1,5,396.66
2016-01-06,2016,1,6,400.14
2016-01-07,2016,1,7,401.8
2016-01-08,2016,1,8,401.23
2016-01-09,2016,1,9,419.31
2016-01-10,2016,1,10,415.82
2016-01-11,2016,1,11,412.17
2016-01-12,2016,1,12,410.07
2016-01-13,2016,1,13,415.18
2016-01-14,2016,1,14,412.73
2016-01-15,2016,1,15,399.57
2016-01-16,2016,1,16,397.04
2016-01-17,2016,1,17,343.91
2016-01-18,2016,1,18,356.13
2016-01-19,2016,1,19,352.53
2016-01-20,2016,1,20,355.22
2016-01-21,2016,1,21,349.22
2016-01-22,2016,1,22,380.93
2016-01-23,2016,1,23,378.66
2016-01-24,2016,1,24,358.23
2016-01-25,2016,1,25,359.76
2016-01-26,2016,1,26,373.67
2016-01-27,2016,1,27,363.26
2016-01-28,2016,1,28,361.88
2016-01-29,2016,1,29,363.67
2016-01-30,2016,1,30,348.9
2016-01-31,2016,1,31,351.06
2016-02-01,2016,2,1,349.27
2016-02-02,2016,2,2,343.26
2016-02-03,2016,2,3,342.57
2016-02-04,2016,2,4,342.95
2016-02-05,2016,2,5,333.17
2016-02-06,2016,2,6,348.87
2016-02-07,2016,2,7,344.77
2016-02-08,2016,2,8,336.65
2016-02-09,2016,2,9,335.48
2016-02-10,2016,2,10,331.9
2016-02-11,2016,2,11,333.18
2016-02-12,2016,2,12,336.79
2016-02-13,2016,2,13,334.1
2016-02-14,2016,2,14,339.84
2016-02-15,2016,2,15,344.5
2016-02-16,2016,2,16,357.96
2016-02-17,2016,2,17,357.07
2016-02-18,2016,2,18,364.23
2016-02-19,2016,2,19,373.62
2016-02-20,2016,2,20,379.01
2016-02-21,2016,2,21,376.2
2016-02-22,2016,2,22,394.96
2016-02-23,2016,2,23,391.08
2016-02-24,2016,2,24,393.63
2016-02-25,2016,2,25,380.85
2016-02-26,2016,2,26,383.31
2016-02-27,2016,2,27,383.82
2016-02-28,2016,2,28,391.06
2016-02-29,2016,2,29,393.98
2016-03-01,2016,3,1,393.28
2016-03-02,2016,3,2,398.29
2016-03-03,2016,3,3,397.45
2016-03-04,2016,3,4,390.29
2016-03-05,2016,3,5,384.18
2016-03-06,2016,3,6,371.52
2016-03-07,2016,3,7,360.16
2016-03-08,2016,3,8,366.46
2016-03-09,2016,3,9,375.24
2016-03-10,2016,3,10,373.9
2016-03-11,2016,3,11,375.02
2016-03-12,2016,3,12,373.03
2016-03-13,2016,3,13,375.71
2016-03-14,2016,3,14,367.35
2016-03-15,2016,3,15,367.83
2016-03-16,2016,3,16,373.95
2016-03-17,2016,3,17,374.07
2016-03-18,2016,3,18,372.32
2016-03-19,2016,3,19,371.53
2016-03-20,2016,3,20,364.43
2016-03-21,2016,3,21,364.47
2016-03-22,2016,3,22,367.09
2016-03-23,2016,3,23,366.87
2016-03-24,2016,3,24,371.49
2016-03-25,2016,3,25,372.59
2016-03-26,2016,3,26,372.43
2016-03-27,2016,3,27,373.37
2016-03-28,2016,3,28,374.12
2016-03-29,2016,3,29,381.55
2016-03-30,2016,3,30,378.3
2016-03-31,2016,3,31,369.52
2016-04-01,2016,4,1,364.78
2016-04-02,2016,4,2,367.41
2016-04-03,2016,4,3,367.35
2016-04-04,2016,4,4,369.95
2016-04-05,2016,4,5,369.75
2016-04-06,2016,4,6,369.65
2016-04-07,2016,4,7,372.66
2016-04-08,2016,4,8,371.18
2016-04-09,2016,4,9,370.93
2016-04-10,2016,4,10,369.12
2016-04-11,2016,4,11,368.39
2016-04-12,2016,4,12,369.67
2016-04-13,2016,4,13,370.9
2016-04-14,2016,4,14,374.28
2016-04-15,2016,4,15,375.47
2016-04-16,2016,4,16,377.09
2016-04-17,2016,4,17,380.94
2016-04-18,2016,4,18,382.21
2016-04-19,2016,4,19,378.39
2016-04-20,2016,4,20,379.01
2016-04-21,2016,4,21,383.98
2016-04-22,2016,4,22,390.89
2016-04-23,2016,4,23,398.36
2016-04-24,2016,4,24,397.7
2016-04-25,2016,4,25,400.93
2016-04-26,2016,4,26,408.15
2016-04-27,2016,4,27,412.29
2016-04-28,2016,4,28,414.23
2016-04-29,2016,4,29,396.5
2016-04-30,2016,4,30,397.71
2016-05-01,2016,5,1,399.16
2016-05-02,2016,5,2,391.17
2016-05-03,2016,5,3,395.39
2016-05-04,2016,5,4,387.01
2016-05-05,2016,5,5,393.34
2016-05-06,2016,5,6,389.94
2016-05-07,2016,5,7,394.08
2016-05-08,2016,5,8,404.14
2016-05-09,2016,5,9,403.05
2016-05-10,2016,5,10,402.66
2016-05-11,2016,5,11,406.71
2016-05-12,2016,5,12,397.21
2016-05-13,2016,5,13,397.24
2016-05-14,2016,5,14,400.65
2016-05-15,2016,5,15,403.42
2016-05-16,2016,5,16,403.34
2016-05-17,2016,5,17,404.94
2016-05-18,2016,5,18,401.91
2016-05-19,2016,5,19,402.41
2016-05-20,2016,5,20,403.6
2016-05-21,2016,5,21,393.49
2016-05-22,2016,5,22,395.47
2016-05-23,2016,5,23,395.61
2016-05-24,2016,5,24,391.66
2016-05-25,2016,5,25,394.8
2016-05-26,2016,5,26,399.38
2016-05-27,2016,5,27,402.43
2016-05-28,2016,5,28,404.15
2016-05-29,2016,5,29,423.33
2016-05-30,2016,5,30,471.08
2016-05-31,2016,5,31,465.49
2016-06-01,2016,6,1,476.46
2016-06-02,2016,6,2,477.49
2016-06-03,2016,6,3,480.81
2016-06-04,2016,6,4,482.39
2016-06-05,2016,6,5,500.79
2016-06-06,2016,6,6,504.86
2016-06-07,2016,6,7,506.19
2016-06-08,2016,6,8,514.35
2016-06-09,2016,6,9,508.62
2016-06-10,2016,6,10,510.3
2016-06-11,2016,6,11,509.93
2016-06-12,2016,6,12,515.56
2016-06-13,2016,6,13,529.18
2016-06-14,2016,6,14,592.24
2016-06-15,2016,6,15,623.02
2016-06-16,2016,6,16,613.28
2016-06-17,2016,6,17,617.05
2016-06-18,2016,6,18,683.49
2016-06-19,2016,6,19,664.31
2016-06-20,2016,6,20,672.9
2016-06-21,2016,6,21,676.87
2016-06-22,2016,6,22,648.84
2016-06-23,2016,6,23,597.47
2016-06-24,2016,6,24,527.59
2016-06-25,2016,6,25,550.64
2016-06-26,2016,6,26,605.31
2016-06-27,2016,6,27,608.11
2016-06-28,2016,6,28,574.82
2016-06-29,2016,6,29,592.13
2016-06-30,2016,6,30,587.5
2016-07-01,2016,7,1,575.33
2016-07-02,2016,7,2,607.76
2016-07-03,2016,7,3,609.29
2016-07-04,2016,7,4,630.64
2016-07-05,2016,7,5,599.4
2016-07-06,2016,7,6,611.72
2016-07-07,2016,7,7,608.31
2016-07-08,2016,7,8,613.05
2016-07-09,2016,7,9,581.37
2016-07-10,2016,7,10,606.77
2016-07-11,2016,7,11,595.04
2016-07-12,2016,7,12,589.18
2016-07-13,2016,7,13,589.05
2016-07-14,2016,7,14,610.55
2016-07-15,2016,7,15,598.04
2016-07-16,2016,7,16,597.15
2016-07-17,2016,7,17,604.76
2016-07-18,2016,7,18,603.56
2016-07-19,2016,7,19,614.5
2016-07-20,2016,7,20,610.71
2016-07-21,2016,7,21,611.56
2016-07-22,2016,7,22,606.22
2016-07-23,2016,7,23,604.08
2016-07-24,2016,7,24,594.42
2016-07-25,2016,7,25,600.93
2016-07-26,2016,7,26,603.1
2016-07-27,2016,7,27,594.34
2016-07-28,2016,7,28,594.11
2016-07-29,2016,7,29,593.15
2016-07-30,2016,7,30,591.92
2016-07-31,2016,7,31,588.61
2016-08-01,2016,8,1,585.32
2016-08-02,2016,8,2,555.89
2016-08-03,2016,8,3,535.12
2016-08-04,2016,8,4,457.19
2016-08-05,2016,8,5,509.9
2016-08-06,2016,8,6,524.54
2016-08-07,2016,8,7,522.72
2016-08-08,2016,8,8,534.73
2016-08-09,2016,8,9,539.9
2016-08-10,2016,8,10,537.13
2016-08-11,2016,8,11,531.42
2016-08-12,2016,8,12,530.47
2016-08-13,2016,8,13,529.85
2016-08-14,2016,8,14,527.15
2016-08-15,2016,8,15,525.39
2016-08-16,2016,8,16,510.88
2016-08-17,2016,8,17,509.21
2016-08-18,2016,8,18,515.92
2016-08-19,2016,8,19,508.65
2016-08-20,2016,8,20,507.43
2016-08-21,2016,8,21,509.32
2016-08-22,2016,8,22,515.09
2016-08-23,2016,8,23,513.72
2016-08-24,2016,8,24,519.16
2016-08-25,2016,8,25,516.06
2016-08-26,2016,8,26,515.0
2016-08-27,2016,8,27,511.39
2016-08-28,2016,8,28,516.42
2016-08-29,2016,8,29,508.91
2016-08-30,2016,8,30,511.98
2016-08-31,2016,8,31,512.32
2016-09-01,2016,9,1,516.43
2016-09-02,2016,9,2,513.07
2016-09-03,2016,9,3,510.22
2016-09-04,2016,9,4,513.85
2016-09-05,2016,9,5,531.48
2016-09-06,2016,9,6,542.0
2016-09-07,2016,9,7,542.18
2016-09-08,2016,9,8,542.75
2016-09-09,2016,9,9,547.18
2016-09-10,2016,9,10,556.03
2016-09-11,2016,9,11,554.62
2016-09-12,2016,9,12,556.53
2016-09-13,2016,9,13,539.56
2016-09-14,2016,9,14,541.3
2016-09-15,2016,9,15,544.45
2016-09-16,2016,9,16,544.0
2016-09-17,2016,9,17,541.64
2016-09-18,2016,9,18,544.21
2016-09-19,2016,9,19,542.79
2016-09-20,2016,9,20,545.16
2016-09-21,2016,9,21,543.91
2016-09-22,2016,9,22,544.62
2016-09-23,2016,9,23,533.97
2016-09-24,2016,9,24,531.3
2016-09-25,2016,9,25,537.9
2016-09-26,2016,9,26,539.34
2016-09-27,2016,9,27,536.01
2016-09-28,2016,9,28,541.3
2016-09-29,2016,9,29,542.14
2016-09-30,2016,9,30,541.75
2016-10-01,2016,10,1,540.34
2016-10-02,2016,10,2,545.3
2016-10-03,2016,10,3,549.89
2016-10-04,2016,10,4,545.72
2016-10-05,2016,10,5,546.9
2016-10-06,2016,10,6,546.71
2016-10-07,2016,10,7,549.96
2016-10-08,2016,10,8,550.68
2016-10-09,2016,10,9,556.12
2016-10-10,2016,10,10,555.59
2016-10-11,2016,10,11,552.88
2016-10-12,2016,10,12,556.09
2016-10-13,2016,10,13,582.24
2016-10-14,2016,10,14,579.33
2016-10-15,2016,10,15,574.85
2016-10-16,2016,10,16,583.05
2016-10-17,2016,10,17,582.64
2016-10-18,2016,10,18,585.22
2016-10-19,2016,10,19,581.18
2016-10-20,2016,10,20,582.04
2016-10-21,2016,10,21,576.29
2016-10-22,2016,10,22,579.09
2016-10-23,2016,10,23,582.17
2016-10-24,2016,10,24,601.69
2016-10-25,2016,10,25,599.9
2016-10-26,2016,10,26,600.17
2016-10-27,2016,10,27,601.59
2016-10-28,2016,10,28,620.56
2016-10-29,2016,10,29,628.72
2016-10-30,2016,10,30,628.12
2016-10-31,2016,10,31,645.13
2016-11-01,2016,11,1,628.48
2016-11-02,2016,11,2,634.14
2016-11-03,2016,11,3,658.54
2016-11-04,2016,11,4,662.53
2016-11-05,2016,11,5,618.44
2016-11-06,2016,11,6,632.02
2016-11-07,2016,11,7,631.84
2016-11-08,2016,11,8,639.95
2016-11-09,2016,11,9,637.74
2016-11-10,2016,11,10,646.54
2016-11-11,2016,11,11,661.01
2016-11-12,2016,11,12,657.8
2016-11-13,2016,11,13,660.61
2016-11-14,2016,11,14,647.53
2016-11-15,2016,11,15,647.24
2016-11-16,2016,11,16,657.94
2016-11-17,2016,11,17,663.66
2016-11-18,2016,11,18,694.09
2016-11-19,2016,11,19,694.2
2016-11-20,2016,11,20,704.57
2016-11-21,2016,11,21,708.45
2016-11-22,2016,11,22,688.2
2016-11-23,2016,11,23,694.84
2016-11-24,2016,11,24,707.35
2016-11-25,2016,11,25,705.33
2016-11-26,2016,11,26,700.76
2016-11-27,2016,11,27,701.9
2016-11-28,2016,11,28,696.55
2016-11-29,2016,11,29,693.33
2016-11-30,2016,11,30,695.09
2016-12-01,2016,12,1,691.61
2016-12-02,2016,12,2,703.65
2016-12-03,2016,12,3,709.97
2016-12-04,2016,12,4,730.59
2016-12-05,2016,12,5,727.75
2016-12-06,2016,12,6,732.25
2016-12-07,2016,12,7,714.7
2016-12-08,2016,12,8,717.94
2016-12-09,2016,12,9,722.18
2016-12-10,2016,12,10,730.17
2016-12-11,2016,12,11,734.11
2016-12-12,2016,12,12,736.74
2016-12-13,2016,12,13,740.66
2016-12-14,2016,12,14,739.27
2016-12-15,2016,12,15,740.04
2016-12-16,2016,12,16,739.26
2016-12-17,2016,12,17,747.91
2016-12-18,2016,12,18,752.86
2016-12-19,2016,12,19,760.05
2016-12-20,2016,12,20,759.18
2016-12-21,2016,12,21,764.64
2016-12-22,2016,12,22,776.29
2016-12-23,2016,12,23,796.26
2016-12-24,2016,12,24,825.53
2016-12-25,2016,12,25,881.88
2016-12-26,2016,12,26,855.02
2016-12-27,2016,12,27,858.6
2016-12-28,2016,12,28,863.07
2016-12-29,2016,12,29,888.46
2016-12-30,2016,12,30,936.44
2016-12-31,2016,12,31,930.84
2017-01-01,2017,1,1,913.45
2017-01-02,2017,1,2,913.7
2017-01-03,2017,1,3,946.47
2017-01-04,2017,1,4,973.48
2017-01-05,2017,1,5,990.37
2017-01-06,2017,1,6,1073.81
2017-01-07,2017,1,7,941.38
2017-01-08,2017,1,8,846.85
2017-01-09,2017,1,9,854.12
2017-01-10,2017,1,10,866.14
2017-01-11,2017,1,11,859.78
2017-01-12,2017,1,12,866.43
2017-01-13,2017,1,13,750.87
2017-01-14,2017,1,14,771.5
2017-01-15,2017,1,15,781.57
2017-01-16,2017,1,16,770.39
2017-01-17,2017,1,17,777.51
2017-01-18,2017,1,18,789.56
2017-01-19,2017,1,19,855.16
2017-01-20,2017,1,20,827.91
2017-01-21,2017,1,21,843.65
2017-01-22,2017,1,22,841.11
2017-01-23,2017,1,23,864.59
2017-01-24,2017,1,24,862.01
2017-01-25,2017,1,25,862.57
2017-01-26,2017,1,26,838.05
2017-01-27,2017,1,27,836.72
2017-01-28,2017,1,28,859.85
2017-01-29,2017,1,29,860.77
2017-01-30,2017,1,30,861.51
2017-01-31,2017,1,31,856.49
2017-02-01,2017,2,1,861.99
2017-02-02,2017,2,2,900.53
2017-02-03,2017,2,3,918.95
2017-02-04,2017,2,4,938.11
2017-02-05,2017,2,5,942.19
2017-02-06,2017,2,6,959.79
2017-02-07,2017,2,7,943.85
2017-02-08,2017,2,8,953.77
2017-02-09,2017,2,9,987.91
2017-02-10,2017,2,10,990.85
2017-02-11,2017,2,11,921.34
2017-02-12,2017,2,12,940.8
2017-02-13,2017,2,13,950.4
2017-02-14,2017,2,14,945.91
2017-02-15,2017,2,15,944.51
2017-02-16,2017,2,16,957.38
2017-02-17,2017,2,17,958.91
2017-02-18,2017,2,18,979.32
2017-02-19,2017,2,19,993.0
2017-02-20,2017,2,20,998.12
2017-02-21,2017,2,21,991.58
2017-02-22,2017,2,22,1019.55
2017-02-23,2017,2,23,1063.66
2017-02-24,2017,2,24,1065.55
2017-02-25,2017,2,25,1113.34
2017-02-26,2017,2,26,1119.65
2017-02-27,2017,2,27,1090.37
2017-02-28,2017,2,28,1110.13
2017-03-01,2017,3,1,1124.17
2017-03-02,2017,3,2,1119.77
2017-03-03,2017,3,3,1156.18
2017-03-04,2017,3,4,1193.46
2017-03-05,2017,3,5,1210.2
2017-03-06,2017,3,6,1189.72
2017-03-07,2017,3,7,1192.98
2017-03-08,2017,3,8,1209.1
2017-03-09,2017,3,9,1167.45
2017-03-10,2017,3,10,1073.95
2017-03-11,2017,3,11,1127.61
2017-03-12,2017,3,12,1045.9
2017-03-13,2017,3,13,1105.85
2017-03-14,2017,3,14,1148.07
2017-03-15,2017,3,15,1157.07
2017-03-16,2017,3,16,1166.83
2017-03-17,2017,3,17,1169.9
2017-03-18,2017,3,18,1078.74
2017-03-19,2017,3,19,994.87
2017-03-20,2017,3,20,883.13
2017-03-21,2017,3,21,944.86
2017-03-22,2017,3,22,959.48
2017-03-23,2017,3,23,1024.58
2017-03-24,2017,3,24,957.05
2017-03-25,2017,3,25,952.73
2017-03-26,2017,3,26,858.4
2017-03-27,2017,3,27,878.53
2017-03-28,2017,3,28,884.57
2017-03-29,2017,3,29,953.97
2017-03-30,2017,3,30,959.37
2017-03-31,2017,3,31,960.89
2017-04-01,2017,4,1,963.7
2017-04-02,2017,4,2,1006.92
2017-04-03,2017,4,3,1018.38
2017-04-04,2017,4,4,1028.39
2017-04-05,2017,4,5,1073.27
2017-04-06,2017,4,6,1065.98
2017-04-07,2017,4,7,1060.21
2017-04-08,2017,4,8,1127.15
2017-04-09,2017,4,9,1123.86
2017-04-10,2017,4,10,1113.81
2017-04-11,2017,4,11,1131.66
2017-04-12,2017,4,12,1134.48
2017-04-13,2017,4,13,1150.08
2017-04-14,2017,4,14,1138.22
2017-04-15,2017,4,15,1103.49
2017-04-16,2017,4,16,1111.42
2017-04-17,2017,4,17,1098.7
2017-04-18,2017,4,18,1109.93
2017-04-19,2017,4,19,1116.08
2017-04-20,2017,4,20,1121.99
2017-04-21,2017,4,21,1127.57
2017-04-22,2017,4,22,1152.22
2017-04-23,2017,4,23,1158.34
2017-04-24,2017,4,24,1150.0
2017-04-25,2017,4,25,1143.71
2017-04-26,2017,4,26,1155.5
2017-04-27,2017,4,27,1168.51
2017-04-28,2017,4,28,1182.07
2017-04-29,2017,4,29,1214.77
2017-04-30,2017,4,30,1213.03
2017-05-01,2017,5,1,1214.95
2017-05-02,2017,5,2,1226.32
2017-05-03,2017,5,3,1258.54
2017-05-04,2017,5,4,1317.71
2017-05-05,2017,5,5,1376.41
2017-05-06,2017,5,6,1385.32
2017-05-07,2017,5,7,1378.04
2017-05-08,2017,5,8,1407.38
2017-05-09,2017,5,9,1418.82
2017-05-10,2017,5,10,1513.65
2017-05-11,2017,5,11,1572.26
2017-05-12,2017,5,12,1634.72
2017-05-13,2017,5,13,1690.57
2017-05-14,2017,5,14,1557.8
2017-05-15,2017,5,15,1637.8
2017-05-16,2017,5,16,1641.25
2017-05-17,2017,5,17,1598.45
2017-05-18,2017,5,18,1604.2
2017-05-19,2017,5,19,1648.68
2017-05-20,2017,5,20,1704.02
2017-05-21,2017,5,21,1751.84
2017-05-22,2017,5,22,1805.73
2017-05-23,2017,5,23,1803.6
2017-05-24,2017,5,24,1858.53
2017-05-25,2017,5,25,1995.49
2017-05-26,2017,5,26,2124.19
2017-05-27,2017,5,27,1998.17
2017-05-28,2017,5,28,1986.17
2017-05-29,2017,5,29,1800.97
2017-05-30,2017,5,30,1902.86
2017-05-31,2017,5,31,2043.19
2017-06-01,2017,6,1,1923.75
2017-06-02,2017,6,2,2051.72
2017-06-03,2017,6,3,2132.19
2017-06-04,2017,6,4,2220.76
2017-06-05,2017,6,5,2269.98
2017-06-06,2017,6,6,2246.48
2017-06-07,2017,6,7,2392.58
2017-06-08,2017,6,8,2553.86
2017-06-09,2017,6,9,2411.65
2017-06-10,2017,6,10,2506.41
2017-06-11,2017,6,11,2534.67
2017-06-12,2017,6,12,2522.92
2017-06-13,2017,6,13,2607.78
2017-06-14,2017,6,14,2337.44
2017-06-15,2017,6,15,2405.65
2017-06-16,2017,6,16,2206.71
2017-06-17,2017,6,17,2166.59
2017-06-18,2017,6,18,2218.27
2017-06-19,2017,6,19,2356.5
2017-06-20,2017,6,20,2231.08
2017-06-21,2017,6,21,2293.28
2017-06-22,2017,6,22,2440.94
2017-06-23,2017,6,23,2365.3
2017-06-24,2017,6,24,2399.69
2017-06-25,2017,6,25,2404.03
2017-06-26,2017,6,26,2288.28
2017-06-27,2017,6,27,2224.37
2017-06-28,2017,6,28,2142.36
2017-06-29,2017,6,29,2226.8
2017-06-30,2017,6,30,2248.93
2017-07-01,2017,7,1,2217.44
2017-07-02,2017,7,2,2147.76
2017-07-03,2017,7,3,2109.41
2017-07-04,2017,7,4,2201.95
2017-07-05,2017,7,5,2249.87
2017-07-06,2017,7,6,2292.74
2017-07-07,2017,7,7,2296.27
2017-07-08,2017,7,8,2288.03
2017-07-09,2017,7,9,2203.83
2017-07-10,2017,7,10,2244.06
2017-07-11,2017,7,11,2206.51
2017-07-12,2017,7,12,2052.97
2017-07-13,2017,7,13,2022.15
2017-07-14,2017,7,14,2090.75
2017-07-15,2017,7,15,2053.46
2017-07-16,2017,7,16,1940.75
2017-07-17,2017,7,17,1725.15
2017-07-18,2017,7,18,1670.64
2017-07-19,2017,7,19,1934.48
2017-07-20,2017,7,20,2011.31
2017-07-21,2017,7,21,1968.05
2017-07-22,2017,7,22,2436.04
2017-07-23,2017,7,23,2295.68
2017-07-24,2017,7,24,2424.4
2017-07-25,2017,7,25,2363.29
2017-07-26,2017,7,26,2378.55
2017-07-27,2017,7,27,2214.34
2017-07-28,2017,7,28,2184.32
2017-07-29,2017,7,29,2294.55
2017-07-30,2017,7,30,2381.08
2017-07-31,2017,7,31,2318.37
2017-08-01,2017,8,1,2369.13
2017-08-02,2017,8,2,2467.06
2017-08-03,2017,8,3,2328.56
2017-08-04,2017,8,4,2283.06
2017-08-05,2017,8,5,2373.92
2017-08-06,2017,8,6,2431.35
2017-08-07,2017,8,7,2759.23
2017-08-08,2017,8,8,2734.11
2017-08-09,2017,8,9,2874.39
2017-08-10,2017,8,10,2925.29
2017-08-11,2017,8,11,2869.25
2017-08-12,2017,8,12,2916.3
2017-08-13,2017,8,13,3110.91
2017-08-14,2017,8,14,3289.21
2017-08-15,2017,8,15,3458.17
2017-08-16,2017,8,16,3681.48
2017-08-17,2017,8,17,3546.95
2017-08-18,2017,8,18,3733.59
2017-08-19,2017,8,19,3646.62
2017-08-20,2017,8,20,3530.94
2017-08-21,2017,8,21,3555.68
2017-08-22,2017,8,22,3485.58
2017-08-23,2017,8,23,3406.71
2017-08-24,2017,8,24,3500.83
2017-08-25,2017,8,25,3541.95
2017-08-26,2017,8,26,3686.73
2017-08-27,2017,8,27,3681.86
2017-08-28,2017,8,28,3663.49
2017-08-29,2017,8,29,3644.45
2017-08-30,2017,8,30,3671.02
2017-08-31,2017,8,31,3820.26
2017-09-01,2017,9,1,3839.76
2017-09-02,2017,9,2,3983.95
2017-09-03,2017,9,3,4145.42
2017-09-04,2017,9,4,3893.78
2017-09-05,2017,9,5,3924.31
2017-09-06,2017,9,6,3672.46
2017-09-07,2017,9,7,3780.82
2017-09-08,2017,9,8,3912.34
2017-09-09,2017,9,9,3883.01
2017-09-10,2017,9,10,3662.21
2017-09-11,2017,9,11,3635.77
2017-09-12,2017,9,12,3578.29
2017-09-13,2017,9,13,3544.73
2017-09-14,2017,9,14,3492.99
2017-09-15,2017,9,15,3250.09
2017-09-16,2017,9,16,2735.87
2017-09-17,2017,9,17,3157.37
2017-09-18,2017,9,18,3125.83
2017-09-19,2017,9,19,3112.56
2017-09-20,2017,9,20,3454.42
2017-09-21,2017,9,21,3274.26
2017-09-22,2017,9,22,3264.22
2017-09-23,2017,9,23,3045.85
2017-09-24,2017,9,24,3055.18
2017-09-25,2017,9,25,3182.26
2017-09-26,2017,9,26,3093.01
2017-09-27,2017,9,27,3316.26
2017-09-28,2017,9,28,3284.23
2017-09-29,2017,9,29,3570.58
2017-09-30,2017,9,30,3547.04
2017-10-01,2017,10,1,3517.27
2017-10-02,2017,10,2,3666.89
2017-10-03,2017,10,3,3697.62
2017-10-04,2017,10,4,3743.93
2017-10-05,2017,10,5,3678.23
2017-10-06,2017,10,6,3600.86
2017-10-07,2017,10,7,3682.08
2017-10-08,2017,10,8,3707.64
2017-10-09,2017,10,9,3767.68
2017-10-10,2017,10,10,3883.93
2017-10-11,2017,10,11,4046.34
2017-10-12,2017,10,12,4022.61
2017-10-13,2017,10,13,4061.99
2017-10-14,2017,10,14,4546.49
2017-10-15,2017,10,15,4746.28
2017-10-16,2017,10,16,4884.29
2017-10-17,2017,10,17,4780.31
2017-10-18,2017,10,18,4858.88
2017-10-19,2017,10,19,4758.56
2017-10-20,2017,10,20,4754.53
2017-10-21,2017,10,21,4808.71
2017-10-22,2017,10,22,5065.72
2017-10-23,2017,10,23,5127.37
2017-10-24,2017,10,24,5100.86
2017-10-25,2017,10,25,5006.49
2017-10-26,2017,10,26,4754.15
2017-10-27,2017,10,27,4895.13
2017-10-28,2017,10,28,5071.09
2017-10-29,2017,10,29,5004.47
2017-10-30,2017,10,30,4975.19
2017-10-31,2017,10,31,5275.75
2017-11-01,2017,11,1,5288.64
2017-11-02,2017,11,2,5540.38
2017-11-03,2017,11,3,5870.89
2017-11-04,2017,11,4,6077.35
2017-11-05,2017,11,5,6248.98
2017-11-06,2017,11,6,6384.05
2017-11-07,2017,11,7,6415.64
2017-11-08,2017,11,8,6048.21
2017-11-09,2017,11,9,6178.49
2017-11-10,2017,11,10,6479.81
2017-11-11,2017,11,11,6191.79
2017-11-12,2017,11,12,5710.94
2017-11-13,2017,11,13,5487.15
2017-11-14,2017,11,14,5079.19
2017-11-15,2017,11,15,5662.26
2017-11-16,2017,11,16,5680.15
2017-11-17,2017,11,17,6253.78
2017-11-18,2017,11,18,6645.07
2017-11-19,2017,11,19,6560.64
2017-11-20,2017,11,20,6602.55
2017-11-21,2017,11,21,6793.29
2017-11-22,2017,11,22,7001.29
2017-11-23,2017,11,23,6930.79
2017-11-24,2017,11,24,7010.18
2017-11-25,2017,11,25,6811.82
2017-11-26,2017,11,26,6909.83
2017-11-27,2017,11,27,7273.52
2017-11-28,2017,11,28,7699.62
2017-11-29,2017,11,29,8107.03
2017-11-30,2017,11,30,8311.49
2017-12-01,2017,12,1,8438.79
2017-12-02,2017,12,2,8564.24
2017-12-03,2017,12,3,9176.17
2017-12-04,2017,12,4,9250.96
2017-12-05,2017,12,5,9513.85
2017-12-06,2017,12,6,9755.3
2017-12-07,2017,12,7,9942.29
2017-12-08,2017,12,8,11795.53
2017-12-09,2017,12,9,15046.27
2017-12-10,2017,12,10,13503.35
2017-12-11,2017,12,11,12697.71
2017-12-12,2017,12,12,12669.29
2017-12-13,2017,12,13,13863.96
2017-12-14,2017,12,14,14196.48
2017-12-15,2017,12,15,13651.18
2017-12-16,2017,12,16,13832.48
2017-12-17,2017,12,17,14879.76
2017-12-18,2017,12,18,16376.3
2017-12-19,2017,12,19,15992.81
2017-12-20,2017,12,20,15992.44
2017-12-21,2017,12,21,14992.29
2017-12-22,2017,12,22,13961.36
2017-12-23,2017,12,23,13009.24
2017-12-24,2017,12,24,11867.06
2017-12-25,2017,12,25,12503.76
2017-12-26,2017,12,26,11887.31
2017-12-27,2017,12,27,11733.82
2017-12-28,2017,12,28,13259.28
2017-12-29,2017,12,29,13087.45
2017-12-30,2017,12,30,12264.02
2017-12-31,2017,12,31,12247.68
2018-01-01,2018,1,1,10654.4
2018-01-02,2018,1,2,11850.31
2018-01-03,2018,1,3,11391.39
2018-01-04,2018,1,4,12319.79
2018-01-05,2018,1,5,12786.04
2018-01-06,2018,1,6,12725.41
2018-01-07,2018,1,7,14183.3
2018-01-08,2018,1,8,14338.58
2018-01-09,2018,1,9,13490.26
2018-01-10,2018,1,10,12618.13
2018-01-11,2018,1,11,12125.31
2018-01-12,2018,1,12,12427.96
2018-01-13,2018,1,13,11144.19
2018-01-14,2018,1,14,11497.98
2018-01-15,2018,1,15,11797.41
2018-01-16,2018,1,16,11300.22
2018-01-17,2018,1,17,11192.51
2018-01-18,2018,1,18,9306.21
2018-01-19,2018,1,19,9206.16
2018-01-20,2018,1,20,9325.4
2018-01-21,2018,1,21,9555.89
2018-01-22,2018,1,22,10538.09
2018-01-23,2018,1,23,9522.45
2018-01-24,2018,1,24,8869.76
2018-01-25,2018,1,25,8838.04
2018-01-26,2018,1,26,9231.54
2018-01-27,2018,1,27,8976.46
2018-01-28,2018,1,28,9190.63
2018-01-29,2018,1,29,9401.97
2018-01-30,2018,1,30,9030.15
2018-01-31,2018,1,31,8097.68
2018-02-01,2018,2,1,8153.29
2018-02-02,2018,2,2,7179.62
2018-02-03,2018,2,3,7097.12
2018-02-04,2018,2,4,7424.29
2018-02-05,2018,2,5,6544.21
2018-02-06,2018,2,6,5824.67
2018-02-07,2018,2,7,5759.53
2018-02-08,2018,2,8,6722.05
2018-02-09,2018,2,9,6755.16
2018-02-10,2018,2,10,7072.46
2018-02-11,2018,2,11,6850.15
2018-02-12,2018,2,12,6603.7
2018-02-13,2018,2,13,7108.61
2018-02-14,2018,2,14,7286.13
2018-02-15,2018,2,15,7570.4
2018-02-16,2018,2,16,8139.95
2018-02-17,2018,2,17,8246.05
2018-02-18,2018,2,18,8680.27
2018-02-19,2018,2,19,8628.54
2018-02-20,2018,2,20,9010.46
2018-02-21,2018,2,21,9380.2
2018-02-22,2018,2,22,9208.32
2018-02-23,2018,2,23,8499.69
2018-02-24,2018,2,24,8267.72
2018-02-25,2018,2,25,7870.5
2018-02-26,2018,2,26,7926.9
2018-02-27,2018,2,27,8414.86
2018-02-28,2018,2,28,8680.73
2018-03-01,2018,3,1,8590.41
2018-03-02,2018,3,2,8828.13
2018-03-03,2018,3,3,8785.39
2018-03-04,2018,3,4,9233.41
2018-03-05,2018,3,5,9271.28
2018-03-06,2018,3,6,9348.23
2018-03-07,2018,3,7,9367.16
2018-03-08,2018,3,8,7876.0
2018-03-09,2018,3,9,8048.12
2018-03-10,2018,3,10,7407.65
2018-03-11,2018,3,11,7143.93
2018-03-12,2018,3,12,7746.76
2018-03-13,2018,3,13,7503.78
2018-03-14,2018,3,14,7428.85
2018-03-15,2018,3,15,6748.12
2018-03-16,2018,3,16,6703.71
2018-03-17,2018,3,17,6632.6
2018-03-18,2018,3,18,6405.55
2018-03-19,2018,3,19,6274.17
2018-03-20,2018,3,20,6956.04
2018-03-21,2018,3,21,7284.42
2018-03-22,2018,3,22,7212.82
2018-03-23,2018,3,23,7123.52
2018-03-24,2018,3,24,7066.7
2018-03-25,2018,3,25,6991.23
2018-03-26,2018,3,26,6866.7
2018-03-27,2018,3,27,6824.98
2018-03-28,2018,3,28,6525.49
2018-03-29,2018,3,29,6482.1
2018-03-30,2018,3,30,5746.79
2018-03-31,2018,3,31,5540.98
2018-04-01,2018,4,1,5611.24
